BU,Region,Month,FY,Revenue_Budget,Revenue_Actual,DirectCost_Budget,DirectCost_Actual,Salaries_Budget,Salaries_Actual,Marketing_Budget,Marketing_Actual,Travel_Budget,Travel_Actual,ITSoftware_Budget,ITSoftware_Actual,Facilities_Budget,Facilities_Actual,ProfFees_Budget,ProfFees_Actual,DA_Budget,DA_Actual
Banking & Financial Services,UAE,2023-04,FY23,388849.0,402208.0,227161.0,240530.0,64847.0,63522.0,10238.0,8794.0,3706.0,3901.0,7102.0,6788.0,6688.0,6718.0,2847.0,3284.0,10924.0,10601.0
Banking & Financial Services,UAE,2023-05,FY23,420607.0,410839.0,235714.0,225217.0,70963.0,71462.0,8997.0,7908.0,5860.0,6457.0,10966.0,11529.0,6852.0,7176.0,3479.0,3936.0,11901.0,11986.0
Banking & Financial Services,UAE,2023-06,FY23,424486.0,420582.0,247167.0,237446.0,62330.0,62444.0,8998.0,8277.0,3696.0,3470.0,10339.0,10191.0,6351.0,6167.0,3227.0,4395.0,11241.0,11315.0
Banking & Financial Services,UAE,2023-07,FY23,430349.0,418833.0,236608.0,229846.0,73024.0,75974.0,12202.0,12878.0,5982.0,7107.0,8732.0,8084.0,6250.0,6105.0,3127.0,4271.0,12378.0,12240.0
Banking & Financial Services,UAE,2023-08,FY23,419953.0,425279.0,249819.0,254238.0,62131.0,61953.0,11935.0,11085.0,5078.0,6342.0,9236.0,8862.0,8391.0,8399.0,2749.0,2277.0,8860.0,8928.0
Banking & Financial Services,UAE,2023-09,FY23,447752.0,451974.0,243493.0,245373.0,76066.0,78211.0,15477.0,17152.0,3618.0,4198.0,11112.0,11297.0,6329.0,6418.0,2986.0,3168.0,10987.0,11286.0
Banking & Financial Services,UAE,2023-10,FY23,432087.0,444714.0,246305.0,248581.0,72322.0,77078.0,10576.0,11017.0,5299.0,4644.0,11072.0,11261.0,7877.0,7901.0,2594.0,2580.0,8726.0,8951.0
Banking & Financial Services,UAE,2023-11,FY23,473697.0,455566.0,264536.0,246619.0,78795.0,84639.0,10083.0,10041.0,4019.0,4744.0,12154.0,11463.0,7485.0,7522.0,3596.0,4759.0,11478.0,11280.0
Banking & Financial Services,UAE,2023-12,FY23,492549.0,479324.0,271921.0,262504.0,83662.0,87133.0,13088.0,13157.0,4358.0,3976.0,10531.0,10804.0,6817.0,6626.0,3165.0,3730.0,10979.0,11246.0
Banking & Financial Services,UAE,2024-01,FY23,447050.0,471322.0,247791.0,267583.0,65460.0,64449.0,15214.0,15538.0,5056.0,6028.0,11657.0,11124.0,5711.0,5672.0,3818.0,4124.0,12200.0,12327.0
Banking & Financial Services,UAE,2024-02,FY23,461465.0,484829.0,260339.0,272048.0,76534.0,76331.0,10546.0,10383.0,5055.0,4748.0,9459.0,10274.0,7173.0,7432.0,4293.0,3565.0,13841.0,14120.0
Banking & Financial Services,UAE,2024-03,FY23,545415.0,518868.0,322298.0,300548.0,84304.0,83757.0,14189.0,12310.0,5810.0,7510.0,11264.0,11953.0,8530.0,8464.0,6405.0,8949.0,13940.0,14123.0
Banking & Financial Services,UAE,2024-04,FY24,483924.0,496025.0,289446.0,301128.0,75621.0,79574.0,10093.0,10348.0,5575.0,6837.0,9472.0,10352.0,6117.0,5925.0,4631.0,5581.0,10817.0,10570.0
Banking & Financial Services,UAE,2024-05,FY24,492879.0,508361.0,283736.0,298225.0,75202.0,77774.0,13723.0,15513.0,4648.0,5383.0,10048.0,9960.0,8563.0,8392.0,3892.0,4869.0,10215.0,10189.0
Banking & Financial Services,UAE,2024-06,FY24,554371.0,523223.0,301797.0,279952.0,82023.0,87983.0,18412.0,20507.0,5869.0,5158.0,14601.0,15282.0,9365.0,9821.0,5501.0,4427.0,15617.0,15429.0
Banking & Financial Services,UAE,2024-07,FY24,559435.0,531443.0,306603.0,283700.0,80117.0,82589.0,13474.0,13898.0,7286.0,6571.0,13618.0,13176.0,8900.0,9261.0,6197.0,5301.0,13558.0,13376.0
Banking & Financial Services,UAE,2024-08,FY24,542739.0,525638.0,313826.0,300310.0,88052.0,90754.0,14337.0,12228.0,4628.0,5746.0,14675.0,14942.0,10137.0,10221.0,3739.0,3277.0,12528.0,12828.0
Banking & Financial Services,UAE,2024-09,FY24,582907.0,558723.0,346209.0,326540.0,85971.0,84364.0,18479.0,20609.0,6321.0,7018.0,11393.0,12389.0,11027.0,11552.0,6333.0,8416.0,11803.0,11971.0
Banking & Financial Services,UAE,2024-10,FY24,565781.0,537969.0,332755.0,328881.0,92971.0,92910.0,17998.0,15882.0,7980.0,9810.0,11443.0,12210.0,8873.0,8700.0,6095.0,5708.0,11450.0,11239.0
Banking & Financial Services,UAE,2024-11,FY24,562717.0,539144.0,336512.0,319157.0,89610.0,90861.0,19536.0,19748.0,8201.0,7034.0,15590.0,14844.0,11086.0,10826.0,3742.0,3969.0,15354.0,15182.0
Banking & Financial Services,UAE,2024-12,FY24,569556.0,568776.0,320724.0,325306.0,84090.0,88123.0,11406.0,12862.0,6703.0,7774.0,14478.0,15067.0,8494.0,8129.0,5687.0,5676.0,13179.0,13454.0
Banking & Financial Services,UAE,2025-01,FY24,542869.0,556196.0,303223.0,310901.0,82555.0,82763.0,11894.0,11610.0,7916.0,9014.0,14673.0,15125.0,7821.0,7858.0,3259.0,3168.0,13191.0,13254.0
Banking & Financial Services,UAE,2025-02,FY24,562367.0,564740.0,318598.0,314681.0,86715.0,92710.0,17962.0,16182.0,4833.0,5112.0,13682.0,13413.0,10430.0,10692.0,5644.0,5276.0,12367.0,12014.0
Banking & Financial Services,UAE,2025-03,FY24,585452.0,587204.0,345993.0,337422.0,89242.0,92747.0,13417.0,14207.0,6710.0,6187.0,14379.0,13243.0,10543.0,10828.0,3887.0,4101.0,12739.0,13089.0
Banking & Financial Services,UAE,2025-04,FY25,538877.0,569622.0,299051.0,328882.0,82822.0,87639.0,16174.0,18541.0,6557.0,8360.0,14503.0,14942.0,9567.0,9572.0,5919.0,6681.0,15612.0,15840.0
Banking & Financial Services,UAE,2025-05,FY25,557638.0,574232.0,309397.0,325427.0,90881.0,93366.0,16395.0,15286.0,4764.0,4492.0,11553.0,11294.0,9101.0,8772.0,4120.0,5011.0,15092.0,14697.0
Banking & Financial Services,UAE,2025-06,FY25,580276.0,577324.0,327825.0,320581.0,88553.0,94710.0,16689.0,17668.0,8122.0,9607.0,12652.0,11653.0,8596.0,8814.0,6453.0,8854.0,14037.0,14245.0
Banking & Financial Services,UAE,2025-07,FY25,590894.0,583662.0,326902.0,317631.0,90451.0,88026.0,14797.0,15592.0,6400.0,5648.0,13398.0,12634.0,10032.0,9557.0,4942.0,5627.0,11978.0,12081.0
Banking & Financial Services,UAE,2025-08,FY25,577731.0,580399.0,313718.0,314560.0,84551.0,85054.0,18151.0,17493.0,7663.0,9318.0,11857.0,11083.0,7022.0,7050.0,6932.0,7001.0,15311.0,15569.0
Banking & Financial Services,UAE,2025-09,FY25,632124.0,613410.0,377363.0,360038.0,88884.0,87707.0,13839.0,14543.0,7552.0,6865.0,15800.0,16717.0,8434.0,8524.0,6629.0,5759.0,17821.0,18318.0
Banking & Financial Services,UAE,2025-10,FY25,551981.0,585295.0,308401.0,335131.0,93144.0,94414.0,16960.0,14803.0,7084.0,7889.0,10498.0,11118.0,10379.0,10483.0,3713.0,5162.0,15360.0,15219.0
Banking & Financial Services,UAE,2025-11,FY25,579791.0,588938.0,330688.0,334175.0,95948.0,101749.0,12514.0,14244.0,7218.0,8765.0,14537.0,14514.0,10361.0,10843.0,4418.0,5677.0,14716.0,14701.0
Banking & Financial Services,UAE,2025-12,FY25,634193.0,617085.0,352677.0,357101.0,104592.0,102451.0,21071.0,19452.0,7137.0,7888.0,13819.0,12785.0,11928.0,11548.0,4612.0,5897.0,14842.0,15181.0
Banking & Financial Services,UAE,2026-01,FY25,586803.0,602992.0,317231.0,342507.0,83660.0,87777.0,16037.0,17279.0,7531.0,8457.0,13443.0,14286.0,7478.0,7270.0,5956.0,5859.0,15149.0,15125.0
Banking & Financial Services,UAE,2026-02,FY25,603796.0,609242.0,353073.0,354150.0,97263.0,97244.0,14353.0,12720.0,5644.0,4853.0,14104.0,14911.0,8140.0,7909.0,5377.0,6639.0,17973.0,18000.0
Banking & Financial Services,UAE,2026-03,FY25,604039.0,634453.0,333216.0,344521.0,87817.0,85319.0,16920.0,15774.0,8952.0,9638.0,15085.0,14221.0,11445.0,11435.0,6787.0,7767.0,14916.0,14863.0
Banking & Financial Services,KSA,2023-04,FY23,293048.0,293833.0,172701.0,173174.0,41678.0,43313.0,6097.0,5455.0,3499.0,3331.0,8188.0,7708.0,5309.0,5365.0,3149.0,2946.0,7392.0,7370.0
Banking & Financial Services,KSA,2023-05,FY23,307505.0,294765.0,184319.0,175288.0,48780.0,50588.0,9564.0,10848.0,2907.0,2632.0,7566.0,7175.0,4118.0,3943.0,1850.0,1980.0,7976.0,7876.0
Banking & Financial Services,KSA,2023-06,FY23,300476.0,293195.0,174931.0,171484.0,48263.0,51720.0,9560.0,9919.0,3794.0,4806.0,6686.0,6806.0,5163.0,5374.0,3293.0,2775.0,6508.0,6433.0
Banking & Financial Services,KSA,2023-07,FY23,300209.0,297736.0,167311.0,161830.0,48232.0,50497.0,10249.0,10250.0,3439.0,2890.0,5523.0,5511.0,4377.0,4268.0,1966.0,2707.0,8514.0,8552.0
Banking & Financial Services,KSA,2023-08,FY23,323034.0,304764.0,187469.0,174877.0,45615.0,48041.0,8740.0,9137.0,4656.0,4147.0,7705.0,7969.0,5147.0,4937.0,2613.0,2613.0,8625.0,8810.0
Banking & Financial Services,KSA,2023-09,FY23,324735.0,317359.0,180973.0,185513.0,53389.0,55018.0,8710.0,8225.0,3333.0,4283.0,7158.0,7248.0,6464.0,6566.0,3006.0,3150.0,7104.0,7045.0
Banking & Financial Services,KSA,2023-10,FY23,313804.0,309152.0,183763.0,178003.0,49103.0,52641.0,8338.0,8834.0,2777.0,3573.0,7559.0,7280.0,4163.0,4184.0,2923.0,2502.0,9390.0,9623.0
Banking & Financial Services,KSA,2023-11,FY23,296118.0,310365.0,174688.0,184620.0,47822.0,49064.0,7137.0,7854.0,4401.0,4057.0,6963.0,6887.0,5737.0,5742.0,3339.0,4402.0,6740.0,6857.0
Banking & Financial Services,KSA,2023-12,FY23,341199.0,324300.0,194642.0,191821.0,50663.0,50807.0,9828.0,11299.0,3899.0,3409.0,7979.0,7836.0,5601.0,5625.0,2979.0,2958.0,7468.0,7556.0
Banking & Financial Services,KSA,2024-01,FY23,303576.0,313603.0,178057.0,178351.0,49283.0,51628.0,9766.0,9432.0,3839.0,4647.0,8442.0,8519.0,3733.0,3734.0,2896.0,3828.0,8725.0,8694.0
Banking & Financial Services,KSA,2024-02,FY23,314016.0,315647.0,183180.0,184289.0,50131.0,49478.0,8492.0,9687.0,3256.0,3733.0,7693.0,8257.0,5909.0,6121.0,2600.0,2574.0,8537.0,8670.0
Banking & Financial Services,KSA,2024-03,FY23,317169.0,335875.0,172573.0,186633.0,53166.0,57404.0,9896.0,9700.0,2756.0,3078.0,8477.0,8476.0,5567.0,5792.0,1991.0,2544.0,7274.0,7219.0
Banking & Financial Services,KSA,2024-04,FY24,320469.0,319275.0,183935.0,189516.0,46500.0,45509.0,10596.0,10977.0,3104.0,3900.0,6227.0,6246.0,4497.0,4387.0,1941.0,2490.0,9297.0,9396.0
Banking & Financial Services,KSA,2024-05,FY24,314417.0,316631.0,176304.0,180515.0,50045.0,50879.0,7468.0,8242.0,2954.0,2931.0,7179.0,6911.0,5212.0,5251.0,3759.0,3673.0,9363.0,9452.0
Banking & Financial Services,KSA,2024-06,FY24,317989.0,315493.0,184799.0,188785.0,44986.0,46637.0,8729.0,9787.0,3181.0,3815.0,7654.0,7527.0,5435.0,5501.0,3201.0,3945.0,8456.0,8628.0
Banking & Financial Services,KSA,2024-07,FY24,334282.0,318847.0,193476.0,183091.0,51220.0,52949.0,10358.0,9084.0,3365.0,3950.0,6604.0,6233.0,5454.0,5711.0,3070.0,4139.0,9462.0,9324.0
Banking & Financial Services,KSA,2024-08,FY24,324050.0,324757.0,190668.0,196711.0,48660.0,47817.0,11161.0,9958.0,4785.0,5886.0,8180.0,8968.0,6396.0,6591.0,2655.0,3384.0,6526.0,6540.0
Banking & Financial Services,KSA,2024-09,FY24,346930.0,339881.0,201338.0,200383.0,57130.0,61325.0,7502.0,6903.0,2836.0,3523.0,8192.0,8886.0,4778.0,4569.0,3797.0,5109.0,7987.0,7943.0
Banking & Financial Services,KSA,2024-10,FY24,340303.0,323006.0,189978.0,181818.0,48635.0,51923.0,7499.0,7395.0,4320.0,5061.0,9345.0,9302.0,6104.0,5893.0,2889.0,2483.0,8471.0,8424.0
Banking & Financial Services,KSA,2024-11,FY24,312101.0,330641.0,175473.0,186614.0,52594.0,55965.0,6707.0,7081.0,3686.0,4751.0,6737.0,6681.0,4219.0,4060.0,3461.0,3713.0,8311.0,8382.0
Banking & Financial Services,KSA,2024-12,FY24,328024.0,348013.0,192618.0,201634.0,47163.0,48677.0,6898.0,7447.0,3100.0,2815.0,8757.0,8574.0,4323.0,4496.0,1974.0,2596.0,7035.0,6879.0
Banking & Financial Services,KSA,2025-01,FY24,319246.0,332223.0,185055.0,186361.0,44837.0,47388.0,7524.0,7126.0,2943.0,2432.0,8114.0,8233.0,5735.0,5721.0,3406.0,3774.0,6733.0,6735.0
Banking & Financial Services,KSA,2025-02,FY24,321363.0,339993.0,188638.0,207512.0,50018.0,51038.0,11074.0,9615.0,3648.0,3651.0,7989.0,8055.0,6195.0,5931.0,2084.0,2428.0,6638.0,6548.0
Banking & Financial Services,KSA,2025-03,FY24,360449.0,358369.0,201675.0,211166.0,56200.0,57319.0,10482.0,9222.0,4654.0,5708.0,8834.0,9350.0,6404.0,6222.0,3139.0,2942.0,8431.0,8407.0
Banking & Financial Services,KSA,2025-04,FY25,327661.0,344395.0,185327.0,199357.0,49552.0,48897.0,11090.0,9650.0,4529.0,3834.0,6214.0,6543.0,6060.0,6094.0,3119.0,3546.0,7633.0,7460.0
Banking & Financial Services,KSA,2025-05,FY25,351083.0,344253.0,205390.0,209451.0,56746.0,61088.0,10184.0,9731.0,4229.0,3833.0,8625.0,8283.0,4517.0,4673.0,2881.0,3623.0,9037.0,9204.0
Banking & Financial Services,KSA,2025-06,FY25,370899.0,350916.0,218499.0,210474.0,59077.0,57475.0,12587.0,13831.0,3662.0,3260.0,9282.0,9056.0,5459.0,5189.0,4161.0,4743.0,8904.0,8713.0
Banking & Financial Services,KSA,2025-07,FY25,334739.0,354717.0,195744.0,204148.0,51079.0,51462.0,8553.0,9122.0,4498.0,4875.0,6310.0,5865.0,4438.0,4490.0,3362.0,3238.0,8911.0,8903.0
Banking & Financial Services,KSA,2025-08,FY25,346146.0,355832.0,202598.0,203176.0,52925.0,52986.0,10446.0,10404.0,4386.0,3608.0,7599.0,7811.0,4175.0,4092.0,2516.0,2220.0,7807.0,7726.0
Banking & Financial Services,KSA,2025-09,FY25,376573.0,365732.0,207319.0,200989.0,60670.0,62189.0,12239.0,13363.0,3203.0,3943.0,6938.0,6406.0,7294.0,7558.0,3560.0,4073.0,10203.0,10153.0
Banking & Financial Services,KSA,2025-10,FY25,327262.0,347227.0,183099.0,201236.0,51885.0,55077.0,11060.0,9693.0,4553.0,4196.0,7818.0,7930.0,4963.0,4869.0,2630.0,2630.0,7095.0,7099.0
Banking & Financial Services,KSA,2025-11,FY25,344149.0,343738.0,204547.0,203432.0,55691.0,59037.0,11090.0,10213.0,3106.0,2791.0,8268.0,8738.0,5935.0,5743.0,3661.0,4014.0,9479.0,9627.0
Banking & Financial Services,KSA,2025-12,FY25,377967.0,359661.0,216904.0,210630.0,59997.0,63901.0,11115.0,9951.0,3204.0,3272.0,7948.0,7705.0,4705.0,4708.0,2972.0,3183.0,7774.0,7929.0
Banking & Financial Services,KSA,2026-01,FY25,355832.0,340930.0,210410.0,205263.0,55229.0,56383.0,10075.0,10957.0,5078.0,5204.0,9287.0,9634.0,5185.0,5172.0,2457.0,2057.0,7485.0,7664.0
Banking & Financial Services,KSA,2026-02,FY25,349411.0,340650.0,199260.0,190390.0,51514.0,52449.0,9291.0,9354.0,3184.0,3141.0,7278.0,7231.0,5139.0,5189.0,3751.0,4458.0,7219.0,7043.0
Banking & Financial Services,KSA,2026-03,FY25,350392.0,359709.0,204427.0,214477.0,58582.0,62452.0,8760.0,8977.0,3150.0,3071.0,9698.0,10141.0,5303.0,5353.0,4074.0,4016.0,8328.0,8474.0
Banking & Financial Services,India,2023-04,FY23,329551.0,320371.0,191510.0,188200.0,52524.0,53395.0,8380.0,8035.0,3052.0,2768.0,9055.0,9123.0,4552.0,4387.0,2130.0,2783.0,6924.0,7037.0
Banking & Financial Services,India,2023-05,FY23,343181.0,328076.0,186095.0,176867.0,55935.0,55063.0,8803.0,7911.0,4743.0,5623.0,8954.0,8504.0,5320.0,5273.0,3452.0,3254.0,8388.0,8280.0
Banking & Financial Services,India,2023-06,FY23,332766.0,334818.0,190356.0,190014.0,54660.0,55840.0,10824.0,10395.0,4868.0,6291.0,7526.0,7306.0,5010.0,5024.0,3926.0,5065.0,9322.0,9120.0
Banking & Financial Services,India,2023-07,FY23,340627.0,334952.0,201803.0,201029.0,48736.0,51809.0,11161.0,10441.0,4545.0,4256.0,9215.0,8722.0,5280.0,5516.0,2498.0,2675.0,8003.0,7776.0
Banking & Financial Services,India,2023-08,FY23,332503.0,332423.0,184255.0,194093.0,50290.0,48937.0,11293.0,12442.0,4173.0,4990.0,6443.0,6260.0,6197.0,6319.0,2272.0,2779.0,8142.0,7900.0
Banking & Financial Services,India,2023-09,FY23,347570.0,358057.0,205100.0,213953.0,56243.0,57821.0,7531.0,7052.0,3513.0,2894.0,7715.0,8200.0,5442.0,5230.0,3973.0,4601.0,7009.0,7015.0
Banking & Financial Services,India,2023-10,FY23,316159.0,330286.0,178868.0,190408.0,46544.0,47280.0,9474.0,8296.0,4686.0,3907.0,7354.0,7437.0,6294.0,6328.0,2638.0,2855.0,8333.0,8574.0
Banking & Financial Services,India,2023-11,FY23,311283.0,330467.0,182820.0,193175.0,50424.0,52396.0,9828.0,10521.0,3215.0,2643.0,7303.0,7788.0,4171.0,4287.0,2735.0,3329.0,8192.0,8345.0
Banking & Financial Services,India,2023-12,FY23,367505.0,355716.0,208545.0,199960.0,51934.0,51515.0,7581.0,8567.0,4266.0,5523.0,8611.0,8315.0,6625.0,6420.0,2992.0,3795.0,10532.0,10426.0
Banking & Financial Services,India,2024-01,FY23,321398.0,326570.0,190708.0,199382.0,53622.0,54294.0,11122.0,11109.0,3691.0,4659.0,7454.0,7933.0,5726.0,5485.0,3090.0,3997.0,8181.0,8093.0
Banking & Financial Services,India,2024-02,FY23,330722.0,324457.0,184672.0,184461.0,50529.0,52847.0,8358.0,7211.0,4660.0,4549.0,9254.0,8971.0,6562.0,6856.0,2133.0,2522.0,7816.0,7957.0
Banking & Financial Services,India,2024-03,FY23,377462.0,358010.0,207063.0,200108.0,61692.0,60077.0,7930.0,8593.0,3988.0,3954.0,8935.0,9193.0,6580.0,6875.0,3107.0,3908.0,9716.0,9733.0
Banking & Financial Services,India,2024-04,FY24,338291.0,332327.0,187744.0,179672.0,54827.0,56192.0,8730.0,8892.0,3326.0,3094.0,7599.0,8354.0,4832.0,5033.0,3027.0,2644.0,9651.0,9623.0
Banking & Financial Services,India,2024-05,FY24,338926.0,341173.0,184805.0,190840.0,56047.0,56336.0,8545.0,7430.0,3998.0,4980.0,8986.0,9418.0,6581.0,6672.0,3648.0,4032.0,7190.0,7061.0
Banking & Financial Services,India,2024-06,FY24,351617.0,339778.0,190428.0,186633.0,53118.0,56220.0,9942.0,10276.0,3025.0,2888.0,9844.0,10330.0,5698.0,5851.0,3847.0,3248.0,10451.0,10540.0
Banking & Financial Services,India,2024-07,FY24,350066.0,342660.0,196272.0,200308.0,57204.0,59514.0,7957.0,9070.0,3861.0,4847.0,6495.0,6121.0,4629.0,4474.0,2778.0,3405.0,8213.0,8430.0
Banking & Financial Services,India,2024-08,FY24,366331.0,351730.0,203327.0,199357.0,57340.0,56409.0,8991.0,9081.0,4219.0,3731.0,10043.0,9518.0,6326.0,6466.0,3528.0,4606.0,9391.0,9574.0
Banking & Financial Services,India,2024-09,FY24,357446.0,378068.0,206778.0,222049.0,57025.0,60125.0,9383.0,9774.0,4106.0,4572.0,7469.0,8158.0,5670.0,5843.0,3614.0,3536.0,7410.0,7214.0
Banking & Financial Services,India,2024-10,FY24,350868.0,351532.0,193764.0,197763.0,52412.0,54981.0,10881.0,12059.0,5203.0,4503.0,7616.0,7777.0,5106.0,5089.0,2668.0,2531.0,7357.0,7264.0
Banking & Financial Services,India,2024-11,FY24,358474.0,353579.0,198916.0,204426.0,51904.0,52216.0,10276.0,9699.0,4783.0,5018.0,8298.0,8379.0,5187.0,4940.0,4184.0,4616.0,10635.0,10453.0
Banking & Financial Services,India,2024-12,FY24,364314.0,385084.0,207547.0,228667.0,58155.0,59421.0,10219.0,11283.0,4013.0,4981.0,9208.0,9737.0,5438.0,5384.0,3432.0,3146.0,9302.0,9064.0
Banking & Financial Services,India,2025-01,FY24,370373.0,358983.0,206217.0,210449.0,59412.0,58406.0,12825.0,12417.0,5024.0,4871.0,10144.0,10711.0,5034.0,5039.0,3334.0,2758.0,7915.0,7836.0
Banking & Financial Services,India,2025-02,FY24,360504.0,362374.0,207786.0,210956.0,54018.0,56040.0,8089.0,9280.0,4750.0,4511.0,7702.0,8234.0,5861.0,5983.0,2811.0,3625.0,8538.0,8627.0
Banking & Financial Services,India,2025-03,FY24,408684.0,404620.0,240227.0,244419.0,65652.0,63875.0,11083.0,12636.0,5509.0,6545.0,9717.0,10201.0,6812.0,6588.0,3995.0,4682.0,11611.0,11366.0
Banking & Financial Services,India,2025-04,FY25,358505.0,379857.0,213989.0,221224.0,50394.0,50621.0,7984.0,8440.0,3898.0,4629.0,9753.0,10505.0,6412.0,6131.0,2448.0,2263.0,8335.0,8416.0
Banking & Financial Services,India,2025-05,FY25,375651.0,384239.0,206755.0,221321.0,56449.0,56955.0,11863.0,12649.0,4697.0,5386.0,9053.0,8642.0,5249.0,5279.0,2761.0,3821.0,8631.0,8522.0
Banking & Financial Services,India,2025-06,FY25,393168.0,383729.0,219790.0,213531.0,66057.0,69855.0,9476.0,8401.0,5008.0,4957.0,10931.0,11667.0,7721.0,7956.0,3044.0,2961.0,10671.0,10573.0
Banking & Financial Services,India,2025-07,FY25,375560.0,386867.0,213598.0,216200.0,58646.0,62906.0,11433.0,10189.0,4623.0,5055.0,7671.0,7982.0,6102.0,6186.0,2372.0,2486.0,10205.0,9960.0
Banking & Financial Services,India,2025-08,FY25,371701.0,395165.0,212993.0,236892.0,56576.0,60698.0,12332.0,12249.0,3493.0,4478.0,7884.0,8170.0,7160.0,6866.0,3511.0,3936.0,10122.0,10387.0
Banking & Financial Services,India,2025-09,FY25,422919.0,440079.0,250763.0,256005.0,70877.0,76525.0,10977.0,10962.0,6156.0,7886.0,11529.0,12426.0,5106.0,5141.0,2810.0,3905.0,9662.0,9946.0
Banking & Financial Services,India,2025-10,FY25,410591.0,410891.0,244841.0,254287.0,63248.0,62692.0,8906.0,8004.0,4604.0,4275.0,8155.0,8584.0,7525.0,7576.0,4329.0,3919.0,11727.0,12006.0
Banking & Financial Services,India,2025-11,FY25,421410.0,420639.0,229755.0,234997.0,61333.0,60442.0,10474.0,9682.0,4141.0,3800.0,10762.0,11749.0,6075.0,6210.0,2557.0,3048.0,11348.0,11050.0
Banking & Financial Services,India,2025-12,FY25,443274.0,453794.0,250151.0,258413.0,73962.0,77467.0,10933.0,9678.0,6389.0,6054.0,10703.0,10269.0,5793.0,5592.0,4648.0,5408.0,10709.0,10741.0
Banking & Financial Services,India,2026-01,FY25,424372.0,422470.0,246070.0,241132.0,62563.0,65880.0,14045.0,12283.0,4722.0,5439.0,7970.0,8142.0,5302.0,5327.0,3833.0,4383.0,9123.0,9029.0
Banking & Financial Services,India,2026-02,FY25,407580.0,427256.0,225116.0,239896.0,58173.0,59694.0,13096.0,12913.0,4725.0,4859.0,7572.0,7596.0,7522.0,7690.0,3414.0,4404.0,11191.0,11244.0
Banking & Financial Services,India,2026-03,FY25,450993.0,459567.0,245262.0,263576.0,75784.0,74086.0,15337.0,13182.0,4899.0,5803.0,11572.0,12684.0,7742.0,7680.0,5393.0,5552.0,12942.0,13258.0
Banking & Financial Services,UK,2023-04,FY23,173776.0,172960.0,100653.0,99729.0,25259.0,25994.0,4854.0,5186.0,1661.0,1332.0,3167.0,3084.0,3022.0,3035.0,1597.0,2067.0,3906.0,3870.0
Banking & Financial Services,UK,2023-05,FY23,181668.0,172608.0,106004.0,98239.0,29845.0,30326.0,5721.0,6380.0,1473.0,1330.0,3453.0,3198.0,3049.0,3111.0,1143.0,1422.0,4364.0,4294.0
Banking & Financial Services,UK,2023-06,FY23,179353.0,171852.0,97458.0,94275.0,26666.0,28259.0,5555.0,5253.0,2185.0,2483.0,3803.0,3705.0,2358.0,2396.0,1314.0,1288.0,3696.0,3795.0
Banking & Financial Services,UK,2023-07,FY23,184361.0,175684.0,106479.0,101707.0,28552.0,30749.0,6291.0,6614.0,2489.0,2388.0,4086.0,3869.0,2768.0,2838.0,1630.0,2135.0,4242.0,4295.0
Banking & Financial Services,UK,2023-08,FY23,187992.0,179079.0,107859.0,107829.0,29462.0,29013.0,4445.0,4049.0,2355.0,2970.0,4976.0,4661.0,3346.0,3242.0,1431.0,1723.0,4893.0,5003.0
Banking & Financial Services,UK,2023-09,FY23,199291.0,193223.0,116278.0,114272.0,30767.0,32787.0,4981.0,5664.0,1616.0,2050.0,5505.0,5181.0,3985.0,3977.0,1486.0,1728.0,4393.0,4502.0
Banking & Financial Services,UK,2023-10,FY23,185646.0,179705.0,104489.0,102346.0,27991.0,27957.0,5141.0,5137.0,1613.0,2082.0,4213.0,4513.0,3586.0,3540.0,1575.0,1792.0,4124.0,4036.0
Banking & Financial Services,UK,2023-11,FY23,188583.0,179232.0,108388.0,103171.0,27264.0,27435.0,4846.0,5331.0,2168.0,2444.0,4686.0,4528.0,3503.0,3666.0,1858.0,2033.0,4089.0,4161.0
Banking & Financial Services,UK,2023-12,FY23,198350.0,193241.0,112920.0,115006.0,30995.0,32253.0,4142.0,3563.0,2762.0,3515.0,4896.0,5178.0,3035.0,3139.0,1466.0,1795.0,3985.0,3986.0
Banking & Financial Services,UK,2024-01,FY23,180961.0,178438.0,104958.0,105427.0,27958.0,28620.0,3637.0,3693.0,1463.0,1558.0,3754.0,4114.0,2196.0,2265.0,1818.0,2334.0,5266.0,5142.0
Banking & Financial Services,UK,2024-02,FY23,169338.0,176786.0,93393.0,98618.0,27849.0,27832.0,4395.0,4228.0,1836.0,1987.0,4725.0,4539.0,2959.0,3062.0,1680.0,2209.0,4673.0,4559.0
Banking & Financial Services,UK,2024-03,FY23,193442.0,192226.0,105110.0,100696.0,28076.0,28777.0,5128.0,5565.0,2314.0,2844.0,3666.0,3721.0,2387.0,2318.0,2168.0,2889.0,4789.0,4659.0
Banking & Financial Services,UK,2024-04,FY24,184324.0,175368.0,109481.0,105595.0,25987.0,27862.0,4556.0,5187.0,2232.0,2625.0,4632.0,4594.0,2325.0,2247.0,1372.0,1785.0,4404.0,4509.0
Banking & Financial Services,UK,2024-05,FY24,180788.0,175408.0,99144.0,101354.0,29238.0,29971.0,6258.0,5420.0,1999.0,2437.0,3870.0,4096.0,3550.0,3513.0,1924.0,1573.0,4110.0,4231.0
Banking & Financial Services,UK,2024-06,FY24,173516.0,176571.0,103497.0,105600.0,27830.0,29018.0,3693.0,3824.0,2357.0,2726.0,3266.0,3095.0,3070.0,3111.0,1811.0,1793.0,3655.0,3546.0
Banking & Financial Services,UK,2024-07,FY24,173478.0,176444.0,96486.0,95776.0,25262.0,25751.0,4913.0,4777.0,1420.0,1387.0,3284.0,3375.0,2532.0,2503.0,1345.0,1389.0,3616.0,3703.0
Banking & Financial Services,UK,2024-08,FY24,190921.0,180560.0,109649.0,101619.0,28910.0,28484.0,4681.0,4671.0,1612.0,1640.0,4241.0,4271.0,2409.0,2349.0,1428.0,1678.0,4952.0,4862.0
Banking & Financial Services,UK,2024-09,FY24,189629.0,194181.0,113195.0,115254.0,30076.0,31834.0,4730.0,4495.0,2599.0,3196.0,5261.0,4969.0,2762.0,2886.0,1366.0,1350.0,5622.0,5780.0
Banking & Financial Services,UK,2024-10,FY24,182897.0,178716.0,104153.0,103343.0,26936.0,27242.0,5898.0,5709.0,1609.0,1741.0,4375.0,4455.0,3192.0,3208.0,2143.0,2308.0,4954.0,4936.0
Banking & Financial Services,UK,2024-11,FY24,182596.0,178466.0,107574.0,108672.0,27805.0,28498.0,5387.0,4970.0,2303.0,2666.0,4728.0,4413.0,3638.0,3630.0,1535.0,1695.0,5333.0,5394.0
Banking & Financial Services,UK,2024-12,FY24,202150.0,195335.0,113522.0,114534.0,31557.0,32826.0,4301.0,4648.0,2548.0,2491.0,4947.0,4591.0,4016.0,4087.0,1698.0,2125.0,5995.0,5970.0
Banking & Financial Services,UK,2025-01,FY24,172596.0,177742.0,98490.0,102483.0,27169.0,28073.0,4606.0,4456.0,2314.0,2532.0,3971.0,3900.0,2105.0,2022.0,1466.0,2019.0,3652.0,3749.0
Banking & Financial Services,UK,2025-02,FY24,172440.0,176422.0,97829.0,98384.0,26640.0,27236.0,4582.0,4852.0,1764.0,1676.0,4501.0,4234.0,3241.0,3289.0,1735.0,1559.0,5145.0,5066.0
Banking & Financial Services,UK,2025-03,FY24,182492.0,190251.0,104676.0,114439.0,26818.0,27208.0,4155.0,4330.0,2012.0,1639.0,4406.0,4210.0,3054.0,3020.0,1867.0,1724.0,5023.0,5116.0
Banking & Financial Services,UK,2025-04,FY25,165192.0,173483.0,97846.0,100909.0,24742.0,25245.0,3954.0,4384.0,1932.0,2163.0,3960.0,4079.0,2758.0,2716.0,1829.0,2141.0,4648.0,4705.0
Banking & Financial Services,UK,2025-05,FY25,175664.0,173283.0,95752.0,92149.0,25214.0,25305.0,3996.0,4228.0,2033.0,2052.0,3404.0,3367.0,2369.0,2401.0,1785.0,2119.0,5270.0,5287.0
Banking & Financial Services,UK,2025-06,FY25,166895.0,174424.0,93273.0,97926.0,23634.0,23858.0,3362.0,2995.0,2288.0,2933.0,3848.0,3883.0,2917.0,2892.0,1842.0,2014.0,3476.0,3378.0
Banking & Financial Services,UK,2025-07,FY25,173052.0,177480.0,96302.0,99987.0,25101.0,25611.0,5388.0,5818.0,2050.0,1756.0,3313.0,3510.0,3216.0,3173.0,1892.0,1561.0,4705.0,4718.0
Banking & Financial Services,UK,2025-08,FY25,173531.0,182225.0,102349.0,110678.0,25844.0,27910.0,4641.0,4430.0,2380.0,2426.0,4848.0,5137.0,2411.0,2486.0,1653.0,1670.0,4704.0,4741.0
Banking & Financial Services,UK,2025-09,FY25,187937.0,196441.0,103816.0,106617.0,26646.0,26875.0,4551.0,4604.0,1929.0,2222.0,3927.0,3802.0,3545.0,3717.0,1894.0,1623.0,5568.0,5663.0
Banking & Financial Services,UK,2025-10,FY25,196327.0,185372.0,116230.0,107213.0,32587.0,32504.0,6022.0,6615.0,2617.0,2978.0,4495.0,4603.0,2778.0,2754.0,1710.0,2018.0,5654.0,5516.0
Banking & Financial Services,UK,2025-11,FY25,181816.0,186787.0,108395.0,111070.0,30637.0,30821.0,3643.0,3943.0,2387.0,2782.0,4106.0,4268.0,2703.0,2585.0,1674.0,1558.0,4417.0,4341.0
Banking & Financial Services,UK,2025-12,FY25,210164.0,202197.0,117748.0,115083.0,32992.0,33764.0,5287.0,5577.0,1753.0,1490.0,5430.0,5445.0,2731.0,2829.0,1817.0,1454.0,6217.0,6106.0
Banking & Financial Services,UK,2026-01,FY25,180723.0,189075.0,104639.0,107196.0,30358.0,30362.0,5389.0,4985.0,1916.0,2399.0,3552.0,3521.0,2610.0,2662.0,1338.0,1597.0,4886.0,4740.0
Banking & Financial Services,UK,2026-02,FY25,181839.0,190223.0,100661.0,107965.0,25508.0,26695.0,5866.0,6725.0,1992.0,1725.0,3402.0,3364.0,3245.0,3116.0,1433.0,1904.0,3886.0,3950.0
Banking & Financial Services,UK,2026-03,FY25,200703.0,209945.0,120337.0,123179.0,31293.0,30383.0,5971.0,5864.0,2621.0,2920.0,3916.0,3893.0,3511.0,3637.0,1309.0,1126.0,5524.0,5554.0
Banking & Financial Services,USA,2023-04,FY23,148969.0,155698.0,82919.0,84206.0,23329.0,24169.0,4337.0,4700.0,1912.0,2340.0,3662.0,3568.0,2405.0,2407.0,1562.0,1527.0,3061.0,3134.0
Banking & Financial Services,USA,2023-05,FY23,159552.0,159650.0,87237.0,88086.0,25180.0,25888.0,5531.0,6339.0,2319.0,2008.0,4245.0,4340.0,2381.0,2425.0,1687.0,2316.0,4420.0,4292.0
Banking & Financial Services,USA,2023-06,FY23,153489.0,157998.0,83251.0,83014.0,25123.0,25769.0,4517.0,4518.0,1674.0,1927.0,2889.0,2937.0,2598.0,2540.0,1206.0,1335.0,3382.0,3445.0
Banking & Financial Services,USA,2023-07,FY23,157258.0,159347.0,90904.0,95574.0,25229.0,24656.0,4793.0,5124.0,2190.0,1815.0,2966.0,2961.0,2457.0,2484.0,1235.0,1538.0,4310.0,4212.0
Banking & Financial Services,USA,2023-08,FY23,165722.0,161809.0,91119.0,93442.0,25801.0,27249.0,5106.0,4596.0,1473.0,1754.0,3428.0,3701.0,3011.0,2869.0,1797.0,1731.0,3420.0,3464.0
Banking & Financial Services,USA,2023-09,FY23,171301.0,180460.0,97181.0,102017.0,26550.0,27409.0,4371.0,4050.0,1494.0,1624.0,4322.0,4154.0,2753.0,2627.0,1915.0,1813.0,4234.0,4204.0
Banking & Financial Services,USA,2023-10,FY23,170703.0,162305.0,100962.0,97236.0,28579.0,30050.0,4488.0,4248.0,1863.0,2161.0,3536.0,3303.0,2558.0,2559.0,1948.0,1768.0,4787.0,4925.0
Banking & Financial Services,USA,2023-11,FY23,157812.0,166421.0,89622.0,93532.0,26093.0,26250.0,4466.0,3807.0,1484.0,1606.0,3320.0,3427.0,2479.0,2502.0,1414.0,1787.0,3465.0,3548.0
Banking & Financial Services,USA,2023-12,FY23,181247.0,186965.0,97943.0,101126.0,26641.0,26857.0,5907.0,6575.0,2657.0,2128.0,4454.0,4778.0,3229.0,3101.0,1664.0,1569.0,4517.0,4398.0
Banking & Financial Services,USA,2024-01,FY23,178350.0,173932.0,97304.0,99427.0,29770.0,30579.0,5442.0,5234.0,2643.0,2227.0,3381.0,3192.0,3310.0,3169.0,1678.0,1780.0,5287.0,5203.0
Banking & Financial Services,USA,2024-02,FY23,169637.0,173488.0,99755.0,104628.0,27491.0,27628.0,4085.0,3564.0,1598.0,1902.0,4045.0,3835.0,2259.0,2251.0,1432.0,1606.0,5029.0,4941.0
Banking & Financial Services,USA,2024-03,FY23,186017.0,191415.0,101788.0,102421.0,29871.0,31690.0,5665.0,4884.0,2577.0,2484.0,3518.0,3394.0,2762.0,2766.0,1872.0,1790.0,5563.0,5406.0
Banking & Financial Services,USA,2024-04,FY24,172936.0,173934.0,101148.0,100426.0,26608.0,28163.0,3821.0,3262.0,2389.0,3085.0,3339.0,3567.0,2590.0,2624.0,1707.0,1962.0,3906.0,3979.0
Banking & Financial Services,USA,2024-05,FY24,162833.0,171813.0,96747.0,102456.0,23426.0,25055.0,5282.0,5015.0,1351.0,1392.0,3205.0,3280.0,3024.0,2992.0,1006.0,1217.0,3538.0,3477.0
Banking & Financial Services,USA,2024-06,FY24,166349.0,170863.0,98646.0,98201.0,26379.0,26301.0,4063.0,3956.0,1972.0,1638.0,3460.0,3269.0,2262.0,2349.0,1523.0,1795.0,4661.0,4743.0
Banking & Financial Services,USA,2024-07,FY24,181375.0,175440.0,101851.0,99785.0,28030.0,30003.0,4994.0,4827.0,1679.0,1611.0,3662.0,3959.0,3306.0,3160.0,2167.0,2422.0,5018.0,5168.0
Banking & Financial Services,USA,2024-08,FY24,171391.0,180030.0,99306.0,103110.0,28192.0,30191.0,3572.0,4104.0,1634.0,1999.0,4452.0,4380.0,3207.0,3318.0,1209.0,1397.0,4810.0,4867.0
Banking & Financial Services,USA,2024-09,FY24,191963.0,203483.0,111729.0,124005.0,30121.0,31083.0,4381.0,5022.0,2720.0,2845.0,4049.0,4083.0,2442.0,2377.0,1404.0,1567.0,3841.0,3937.0
Banking & Financial Services,USA,2024-10,FY24,175261.0,183393.0,102180.0,111678.0,28976.0,29138.0,3563.0,3656.0,2527.0,3000.0,4638.0,4985.0,3450.0,3406.0,2042.0,2118.0,3682.0,3638.0
Banking & Financial Services,USA,2024-11,FY24,174524.0,182004.0,104177.0,112208.0,29463.0,30683.0,3947.0,4502.0,2243.0,2836.0,4515.0,4335.0,2917.0,2822.0,1368.0,1660.0,3713.0,3764.0
Banking & Financial Services,USA,2024-12,FY24,217088.0,205996.0,122328.0,122199.0,36678.0,35708.0,6303.0,7099.0,3207.0,2920.0,5135.0,5590.0,2849.0,2919.0,1613.0,2241.0,4706.0,4815.0
Banking & Financial Services,USA,2025-01,FY24,189444.0,184810.0,109564.0,111381.0,29061.0,29037.0,4498.0,3915.0,1856.0,1585.0,3412.0,3376.0,3384.0,3543.0,2142.0,2347.0,4506.0,4518.0
Banking & Financial Services,USA,2025-02,FY24,182699.0,183150.0,108129.0,110694.0,29344.0,28989.0,3856.0,4256.0,1839.0,1764.0,5027.0,4692.0,2441.0,2411.0,1899.0,2143.0,5295.0,5166.0
Banking & Financial Services,USA,2025-03,FY24,207191.0,204403.0,117884.0,112527.0,34865.0,34452.0,6909.0,6198.0,1804.0,1629.0,4123.0,4311.0,3683.0,3768.0,1573.0,1524.0,4636.0,4511.0
Banking & Financial Services,USA,2025-04,FY25,194609.0,186983.0,106882.0,102328.0,29742.0,29813.0,5825.0,6000.0,1829.0,1487.0,3835.0,3730.0,2463.0,2548.0,1528.0,1587.0,4844.0,4891.0
Banking & Financial Services,USA,2025-05,FY25,186207.0,185226.0,102617.0,106573.0,28133.0,28669.0,4460.0,4413.0,1785.0,1668.0,3467.0,3659.0,3229.0,3095.0,1501.0,1688.0,5532.0,5562.0
Banking & Financial Services,USA,2025-06,FY25,194581.0,186936.0,114629.0,110299.0,30367.0,32352.0,5277.0,5881.0,2205.0,1851.0,5259.0,5514.0,3117.0,3242.0,2102.0,2536.0,5099.0,4983.0
Banking & Financial Services,USA,2025-07,FY25,182729.0,190195.0,109466.0,119380.0,30014.0,29530.0,4815.0,5520.0,2019.0,2622.0,4435.0,4746.0,2570.0,2676.0,2099.0,1764.0,4364.0,4337.0
Banking & Financial Services,USA,2025-08,FY25,185100.0,190208.0,105042.0,112444.0,30282.0,31449.0,5153.0,5029.0,2018.0,1764.0,4420.0,4670.0,3613.0,3767.0,1736.0,1494.0,4232.0,4241.0
Banking & Financial Services,USA,2025-09,FY25,207916.0,210163.0,117053.0,119217.0,32907.0,32055.0,5017.0,4481.0,2549.0,2923.0,3823.0,4129.0,3046.0,2966.0,2178.0,2946.0,6023.0,5850.0
Banking & Financial Services,USA,2025-10,FY25,189549.0,194137.0,105545.0,108989.0,30496.0,29911.0,6261.0,5574.0,2809.0,2870.0,4977.0,4820.0,2907.0,2949.0,1351.0,1252.0,5353.0,5430.0
Banking & Financial Services,USA,2025-11,FY25,206243.0,197539.0,121531.0,117541.0,29858.0,29984.0,5693.0,5071.0,2879.0,3569.0,3772.0,3601.0,3849.0,3979.0,1546.0,1660.0,6018.0,6092.0
Banking & Financial Services,USA,2025-12,FY25,226099.0,217650.0,128946.0,126689.0,32494.0,31628.0,5785.0,5948.0,2090.0,2582.0,5397.0,5305.0,3009.0,3128.0,2373.0,2879.0,5167.0,5132.0
Banking & Financial Services,USA,2026-01,FY25,197553.0,195855.0,118116.0,121577.0,31494.0,32897.0,4748.0,4619.0,1608.0,1914.0,5072.0,4674.0,3811.0,3867.0,1898.0,1528.0,4450.0,4531.0
Banking & Financial Services,USA,2026-02,FY25,206673.0,195705.0,119574.0,113461.0,31268.0,31529.0,4915.0,4866.0,2633.0,3192.0,4541.0,4261.0,3326.0,3380.0,2286.0,2342.0,5471.0,5507.0
Banking & Financial Services,USA,2026-03,FY25,205691.0,215842.0,111861.0,123731.0,32750.0,34871.0,4920.0,5232.0,2930.0,2782.0,4011.0,4243.0,3949.0,4070.0,2224.0,2580.0,5472.0,5531.0
Banking & Financial Services,Rest of GCC,2023-04,FY23,99602.0,102563.0,56286.0,57900.0,14050.0,14723.0,2847.0,2582.0,1303.0,1187.0,2325.0,2467.0,1918.0,1951.0,901.0,1178.0,2829.0,2893.0
Banking & Financial Services,Rest of GCC,2023-05,FY23,97307.0,102244.0,53293.0,55274.0,15983.0,16845.0,2213.0,2332.0,1007.0,851.0,2097.0,2210.0,1407.0,1448.0,777.0,743.0,2232.0,2279.0
Banking & Financial Services,Rest of GCC,2023-06,FY23,107655.0,103121.0,61903.0,62103.0,15302.0,16340.0,2961.0,3287.0,1149.0,1091.0,1996.0,2143.0,1410.0,1368.0,910.0,1039.0,3129.0,3121.0
Banking & Financial Services,Rest of GCC,2023-07,FY23,106039.0,103364.0,62217.0,61100.0,16853.0,16675.0,3130.0,2665.0,1051.0,1241.0,2087.0,2207.0,1688.0,1732.0,692.0,809.0,2793.0,2777.0
Banking & Financial Services,Rest of GCC,2023-08,FY23,104827.0,106316.0,56844.0,56585.0,15849.0,15398.0,2603.0,2863.0,978.0,1113.0,2544.0,2454.0,1840.0,1811.0,710.0,731.0,2714.0,2660.0
Banking & Financial Services,Rest of GCC,2023-09,FY23,114938.0,117790.0,64072.0,67593.0,18148.0,18278.0,3830.0,4399.0,1195.0,1495.0,2482.0,2368.0,2251.0,2345.0,968.0,907.0,3135.0,3066.0
Banking & Financial Services,Rest of GCC,2023-10,FY23,112029.0,110836.0,61632.0,60790.0,17870.0,17407.0,3714.0,3442.0,1316.0,1085.0,3131.0,3254.0,1930.0,1837.0,1136.0,1193.0,2667.0,2675.0
Banking & Financial Services,Rest of GCC,2023-11,FY23,107151.0,111805.0,62331.0,66326.0,15969.0,16652.0,3208.0,2987.0,1311.0,1139.0,2819.0,2647.0,1902.0,1829.0,716.0,618.0,2356.0,2314.0
Banking & Financial Services,Rest of GCC,2023-12,FY23,121463.0,121127.0,67060.0,68712.0,18081.0,17617.0,3334.0,3042.0,1765.0,1704.0,2190.0,2280.0,2339.0,2417.0,1216.0,1082.0,2539.0,2541.0
Banking & Financial Services,Rest of GCC,2024-01,FY23,108478.0,113929.0,60244.0,62309.0,18404.0,18451.0,2925.0,2574.0,1000.0,820.0,2268.0,2414.0,1573.0,1611.0,713.0,895.0,2219.0,2266.0
Banking & Financial Services,Rest of GCC,2024-02,FY23,111216.0,115794.0,62442.0,65231.0,17645.0,18821.0,2379.0,2604.0,1032.0,1032.0,3072.0,2977.0,1678.0,1737.0,1201.0,1428.0,3111.0,3039.0
Banking & Financial Services,Rest of GCC,2024-03,FY23,120884.0,127644.0,72113.0,74610.0,18432.0,19077.0,3872.0,4079.0,1120.0,1109.0,2609.0,2414.0,2113.0,2185.0,1431.0,1257.0,3530.0,3448.0
Banking & Financial Services,Rest of GCC,2024-04,FY24,112112.0,118572.0,62300.0,65382.0,18065.0,18870.0,3533.0,3614.0,1340.0,1727.0,2769.0,2716.0,1815.0,1851.0,737.0,882.0,2521.0,2498.0
Banking & Financial Services,Rest of GCC,2024-05,FY24,118909.0,120575.0,70197.0,72135.0,20171.0,19687.0,3526.0,3163.0,1658.0,2033.0,3174.0,2963.0,1895.0,1846.0,1406.0,1167.0,2643.0,2666.0
Banking & Financial Services,Rest of GCC,2024-06,FY24,117425.0,121282.0,66644.0,71266.0,18018.0,19175.0,3136.0,2777.0,1348.0,1519.0,2234.0,2221.0,1932.0,1835.0,769.0,894.0,3075.0,3039.0
Banking & Financial Services,Rest of GCC,2024-07,FY24,118198.0,122508.0,68589.0,74461.0,17836.0,17407.0,2759.0,2721.0,1409.0,1564.0,2687.0,2790.0,2095.0,2014.0,1248.0,1164.0,2767.0,2822.0
Banking & Financial Services,Rest of GCC,2024-08,FY24,122858.0,126003.0,70191.0,73891.0,17369.0,17162.0,2716.0,2893.0,1603.0,1368.0,2962.0,2825.0,2389.0,2363.0,1074.0,1363.0,3338.0,3259.0
Banking & Financial Services,Rest of GCC,2024-09,FY24,144375.0,137344.0,85217.0,82364.0,23557.0,24018.0,4313.0,4903.0,1291.0,1355.0,3364.0,3124.0,2813.0,2908.0,1285.0,1420.0,4217.0,4135.0
Banking & Financial Services,Rest of GCC,2024-10,FY24,131993.0,128440.0,72293.0,70266.0,20857.0,22256.0,3638.0,3512.0,1961.0,2467.0,3382.0,3278.0,2601.0,2723.0,1151.0,1013.0,3185.0,3223.0
Banking & Financial Services,Rest of GCC,2024-11,FY24,127822.0,130983.0,74404.0,79261.0,20625.0,22129.0,3769.0,3431.0,1581.0,1495.0,2742.0,2854.0,2537.0,2575.0,1502.0,1656.0,3444.0,3407.0
Banking & Financial Services,Rest of GCC,2024-12,FY24,138558.0,141059.0,78815.0,81441.0,22171.0,22524.0,4326.0,4769.0,1386.0,1696.0,3614.0,3665.0,1691.0,1631.0,1389.0,1278.0,3811.0,3733.0
Banking & Financial Services,Rest of GCC,2025-01,FY24,126475.0,130378.0,74666.0,78865.0,18826.0,19822.0,2591.0,2835.0,1103.0,1361.0,3212.0,3455.0,2269.0,2283.0,939.0,1193.0,3540.0,3495.0
Banking & Financial Services,Rest of GCC,2025-02,FY24,139300.0,132518.0,78461.0,78330.0,23580.0,23684.0,3940.0,3364.0,1359.0,1509.0,3595.0,3870.0,2597.0,2704.0,1425.0,1694.0,3838.0,3849.0
Banking & Financial Services,Rest of GCC,2025-03,FY24,150364.0,145541.0,89896.0,86243.0,21851.0,22836.0,3429.0,3093.0,1744.0,1724.0,3351.0,3419.0,1961.0,1977.0,1132.0,1130.0,4074.0,3990.0
Banking & Financial Services,Rest of GCC,2025-04,FY25,130952.0,133800.0,71114.0,76222.0,20752.0,21640.0,3583.0,3661.0,1376.0,1640.0,2773.0,2661.0,1764.0,1688.0,1183.0,1242.0,3322.0,3241.0
Banking & Financial Services,Rest of GCC,2025-05,FY25,129004.0,133600.0,72231.0,74543.0,18906.0,19904.0,3607.0,4144.0,1776.0,2292.0,2333.0,2427.0,2008.0,2089.0,1249.0,1465.0,3817.0,3859.0
Banking & Financial Services,Rest of GCC,2025-06,FY25,140624.0,133939.0,83910.0,79827.0,21966.0,21990.0,4735.0,5193.0,1494.0,1795.0,3158.0,2930.0,2698.0,2615.0,1277.0,1748.0,3048.0,3131.0
Banking & Financial Services,Rest of GCC,2025-07,FY25,127445.0,135453.0,69321.0,75508.0,20800.0,22155.0,3360.0,2961.0,1499.0,1726.0,3538.0,3749.0,2189.0,2285.0,1336.0,1192.0,3134.0,3102.0
Banking & Financial Services,Rest of GCC,2025-08,FY25,127325.0,134520.0,74823.0,80114.0,20022.0,19923.0,3040.0,2938.0,1580.0,1606.0,2313.0,2408.0,2073.0,2102.0,1236.0,1549.0,3292.0,3332.0
Banking & Financial Services,Rest of GCC,2025-09,FY25,152044.0,144616.0,83072.0,81811.0,22661.0,22197.0,4786.0,4697.0,1637.0,1850.0,3457.0,3512.0,1990.0,1968.0,1640.0,1849.0,4501.0,4405.0
Banking & Financial Services,Rest of GCC,2025-10,FY25,142521.0,135773.0,83760.0,82030.0,21548.0,23152.0,4034.0,4101.0,1263.0,1014.0,3416.0,3473.0,2790.0,2736.0,1495.0,2006.0,3340.0,3322.0
Banking & Financial Services,Rest of GCC,2025-11,FY25,138107.0,137899.0,75912.0,74562.0,22794.0,22597.0,3138.0,3420.0,1929.0,2364.0,3774.0,4148.0,2167.0,2178.0,1069.0,898.0,2898.0,2937.0
Banking & Financial Services,Rest of GCC,2025-12,FY25,147690.0,150750.0,80889.0,84490.0,21120.0,21926.0,4948.0,4678.0,1647.0,1825.0,3110.0,3188.0,2440.0,2407.0,1166.0,1232.0,2961.0,2916.0
Banking & Financial Services,Rest of GCC,2026-01,FY25,142969.0,138970.0,80944.0,81738.0,20592.0,21635.0,4742.0,4689.0,1503.0,1432.0,3362.0,3199.0,2409.0,2491.0,1594.0,1409.0,3629.0,3577.0
Banking & Financial Services,Rest of GCC,2026-02,FY25,135254.0,142496.0,73649.0,74875.0,20993.0,20435.0,3886.0,3775.0,1641.0,2056.0,3181.0,3238.0,2704.0,2696.0,1441.0,1469.0,3007.0,3056.0
Banking & Financial Services,Rest of GCC,2026-03,FY25,153364.0,157309.0,87093.0,90201.0,23297.0,23885.0,4592.0,5071.0,2093.0,2317.0,3015.0,3053.0,2388.0,2311.0,1793.0,2144.0,4551.0,4615.0
Healthcare & Life Sciences,UAE,2023-04,FY23,269116.0,269516.0,146338.0,146143.0,38022.0,37746.0,9047.0,8670.0,3038.0,3121.0,4969.0,5449.0,3927.0,4007.0,2457.0,3189.0,7629.0,7521.0
Healthcare & Life Sciences,UAE,2023-05,FY23,261468.0,272118.0,151448.0,157144.0,41730.0,44313.0,7256.0,6987.0,3752.0,3970.0,5629.0,6058.0,4156.0,4149.0,2517.0,2771.0,5593.0,5481.0
Healthcare & Life Sciences,UAE,2023-06,FY23,274262.0,269620.0,151582.0,146144.0,41377.0,43400.0,5972.0,5489.0,3751.0,4352.0,6257.0,6296.0,3753.0,3626.0,3017.0,2454.0,5604.0,5629.0
Healthcare & Life Sciences,UAE,2023-07,FY23,272225.0,268058.0,147642.0,147691.0,38568.0,38507.0,6180.0,7030.0,3320.0,3592.0,4951.0,5196.0,4708.0,4606.0,1773.0,1896.0,8147.0,8327.0
Healthcare & Life Sciences,UAE,2023-08,FY23,277176.0,266607.0,159667.0,158839.0,45627.0,45171.0,8286.0,7701.0,3622.0,3518.0,6246.0,6410.0,3836.0,3792.0,1844.0,1699.0,7926.0,7928.0
Healthcare & Life Sciences,UAE,2023-09,FY23,272802.0,284778.0,148889.0,156506.0,43223.0,42112.0,8664.0,8673.0,2407.0,2506.0,5266.0,5417.0,5080.0,5282.0,2905.0,3456.0,6880.0,6826.0
Healthcare & Life Sciences,UAE,2023-10,FY23,265968.0,265020.0,147285.0,152091.0,43535.0,44055.0,7669.0,8224.0,3546.0,4072.0,5047.0,4765.0,4207.0,4094.0,2967.0,2878.0,7651.0,7609.0
Healthcare & Life Sciences,UAE,2023-11,FY23,270402.0,263782.0,158825.0,157284.0,38812.0,37678.0,8063.0,8517.0,2761.0,2709.0,5286.0,5483.0,3793.0,3928.0,2310.0,2355.0,6153.0,6220.0
Healthcare & Life Sciences,UAE,2023-12,FY23,282578.0,285551.0,165881.0,168804.0,42699.0,44024.0,6727.0,6337.0,2942.0,3391.0,7166.0,7696.0,4881.0,5002.0,2453.0,2992.0,6109.0,6004.0
Healthcare & Life Sciences,UAE,2024-01,FY23,264379.0,269606.0,151498.0,158498.0,42619.0,42094.0,9113.0,7761.0,2284.0,1993.0,7207.0,7195.0,3308.0,3216.0,1713.0,1409.0,6304.0,6487.0
Healthcare & Life Sciences,UAE,2024-02,FY23,273654.0,272966.0,159457.0,161751.0,46076.0,48851.0,8101.0,7953.0,2576.0,2907.0,7126.0,6923.0,3357.0,3390.0,2489.0,2337.0,5937.0,5772.0
Healthcare & Life Sciences,UAE,2024-03,FY23,272100.0,289458.0,149504.0,167679.0,44458.0,44851.0,7055.0,7237.0,3163.0,3696.0,5085.0,4761.0,3884.0,4012.0,3126.0,3154.0,8063.0,7955.0
Healthcare & Life Sciences,UAE,2024-04,FY24,265452.0,275553.0,158152.0,166580.0,39243.0,39823.0,5733.0,4998.0,2670.0,3400.0,6910.0,7547.0,5046.0,5204.0,2508.0,3051.0,7873.0,7903.0
Healthcare & Life Sciences,UAE,2024-05,FY24,289394.0,280721.0,172963.0,168606.0,44515.0,46053.0,5907.0,5227.0,2452.0,2738.0,8086.0,8424.0,4005.0,3931.0,3395.0,3768.0,5816.0,5932.0
Healthcare & Life Sciences,UAE,2024-06,FY24,266401.0,280080.0,154625.0,168461.0,37904.0,40650.0,7232.0,6914.0,3799.0,3550.0,7318.0,7632.0,5136.0,5135.0,1918.0,2381.0,7653.0,7518.0
Healthcare & Life Sciences,UAE,2024-07,FY24,270550.0,278928.0,156139.0,157571.0,38743.0,41502.0,8154.0,8554.0,3327.0,3933.0,6335.0,5876.0,4290.0,4342.0,2423.0,3371.0,7838.0,8011.0
Healthcare & Life Sciences,UAE,2024-08,FY24,297354.0,281019.0,176914.0,165513.0,43611.0,45069.0,6189.0,6745.0,3374.0,3611.0,6847.0,6784.0,5201.0,5032.0,3526.0,4298.0,7315.0,7398.0
Healthcare & Life Sciences,UAE,2024-09,FY24,285011.0,295259.0,163842.0,168632.0,45141.0,45076.0,8045.0,7411.0,3220.0,3563.0,6173.0,6233.0,3900.0,3978.0,2347.0,3081.0,6497.0,6372.0
Healthcare & Life Sciences,UAE,2024-10,FY24,278266.0,275755.0,154080.0,148551.0,41211.0,41044.0,7369.0,7106.0,2510.0,3212.0,5425.0,5778.0,3732.0,3732.0,3332.0,4364.0,7004.0,7097.0
Healthcare & Life Sciences,UAE,2024-11,FY24,274351.0,281096.0,157403.0,163632.0,41688.0,43604.0,5734.0,6274.0,3110.0,3467.0,6172.0,6050.0,4084.0,4109.0,3180.0,3036.0,5541.0,5415.0
Healthcare & Life Sciences,UAE,2024-12,FY24,322634.0,305648.0,178074.0,171387.0,51452.0,50896.0,10229.0,9784.0,4101.0,4280.0,8184.0,8840.0,4855.0,4751.0,3159.0,2802.0,6993.0,7122.0
Healthcare & Life Sciences,UAE,2025-01,FY24,292383.0,287849.0,167915.0,171772.0,41559.0,41053.0,6849.0,6473.0,2935.0,2741.0,7148.0,6925.0,4549.0,4714.0,2391.0,2755.0,8671.0,8626.0
Healthcare & Life Sciences,UAE,2025-02,FY24,270052.0,286445.0,157620.0,170941.0,45426.0,47565.0,5725.0,5153.0,2355.0,1959.0,7234.0,7369.0,3298.0,3264.0,2860.0,2431.0,6110.0,5984.0
Healthcare & Life Sciences,UAE,2025-03,FY24,323142.0,308855.0,180495.0,170158.0,47995.0,49863.0,7099.0,7820.0,2650.0,2999.0,8597.0,8412.0,5109.0,5352.0,2987.0,2878.0,7900.0,8123.0
Healthcare & Life Sciences,UAE,2025-04,FY25,283651.0,295087.0,163342.0,173336.0,45122.0,46568.0,7900.0,8231.0,2884.0,2808.0,6636.0,7066.0,4406.0,4347.0,2144.0,2106.0,5673.0,5780.0
Healthcare & Life Sciences,UAE,2025-05,FY25,295899.0,301548.0,168116.0,165420.0,49611.0,53290.0,8035.0,6852.0,3259.0,3085.0,6010.0,5537.0,4435.0,4396.0,2771.0,2873.0,6401.0,6492.0
Healthcare & Life Sciences,UAE,2025-06,FY25,298163.0,302580.0,165713.0,168504.0,43886.0,46260.0,10033.0,10959.0,3814.0,3594.0,7582.0,8079.0,4563.0,4724.0,2115.0,2059.0,7862.0,7918.0
Healthcare & Life Sciences,UAE,2025-07,FY25,306632.0,302181.0,169036.0,160832.0,43385.0,44637.0,6988.0,6154.0,3031.0,3509.0,7749.0,7454.0,4049.0,4046.0,2469.0,2437.0,8584.0,8840.0
Healthcare & Life Sciences,UAE,2025-08,FY25,314751.0,304116.0,176202.0,176993.0,53051.0,51786.0,9957.0,8677.0,3554.0,3185.0,8314.0,8872.0,5863.0,5641.0,3339.0,3170.0,8722.0,8692.0
Healthcare & Life Sciences,UAE,2025-09,FY25,310571.0,328987.0,176296.0,192852.0,48335.0,52107.0,8414.0,8872.0,3163.0,3041.0,7544.0,6998.0,6056.0,6069.0,2335.0,2763.0,6829.0,6988.0
Healthcare & Life Sciences,UAE,2025-10,FY25,305678.0,316393.0,167137.0,176681.0,45771.0,45240.0,7380.0,6538.0,4134.0,3326.0,5631.0,5975.0,4830.0,4876.0,2515.0,2147.0,6596.0,6434.0
Healthcare & Life Sciences,UAE,2025-11,FY25,336961.0,320396.0,202115.0,195786.0,47779.0,49733.0,10284.0,11183.0,2992.0,2742.0,9373.0,9954.0,6083.0,6269.0,2909.0,2664.0,9062.0,8985.0
Healthcare & Life Sciences,UAE,2025-12,FY25,354504.0,338319.0,201755.0,193178.0,52765.0,55228.0,8099.0,7338.0,3699.0,4314.0,7357.0,7869.0,6848.0,6885.0,2274.0,2031.0,8138.0,8022.0
Healthcare & Life Sciences,UAE,2026-01,FY25,299885.0,318997.0,173418.0,184136.0,43653.0,42433.0,9852.0,10668.0,2900.0,3365.0,7372.0,7497.0,4528.0,4539.0,2695.0,3048.0,7836.0,7753.0
Healthcare & Life Sciences,UAE,2026-02,FY25,308206.0,323319.0,176106.0,179353.0,50871.0,50071.0,10202.0,9290.0,3513.0,2984.0,7308.0,7823.0,5321.0,5335.0,3146.0,3000.0,7293.0,7339.0
Healthcare & Life Sciences,UAE,2026-03,FY25,358101.0,340521.0,197859.0,189702.0,59693.0,58427.0,11465.0,9954.0,4264.0,5412.0,7935.0,7827.0,6327.0,6532.0,2720.0,2242.0,7414.0,7327.0
Healthcare & Life Sciences,KSA,2023-04,FY23,195652.0,190504.0,111893.0,106944.0,30480.0,30400.0,5748.0,5194.0,2591.0,2611.0,3728.0,3858.0,2908.0,2896.0,1955.0,2600.0,4239.0,4158.0
Healthcare & Life Sciences,KSA,2023-05,FY23,188203.0,191946.0,103416.0,111216.0,28850.0,29103.0,4654.0,5340.0,1933.0,1906.0,4826.0,4814.0,3351.0,3387.0,1765.0,1639.0,5205.0,5338.0
Healthcare & Life Sciences,KSA,2023-06,FY23,202906.0,192255.0,115017.0,108952.0,32828.0,35393.0,5871.0,5902.0,3034.0,2885.0,4262.0,4091.0,3824.0,3641.0,2218.0,2692.0,4618.0,4633.0
Healthcare & Life Sciences,KSA,2023-07,FY23,204877.0,194915.0,112535.0,103533.0,30869.0,30413.0,5226.0,5355.0,1973.0,2379.0,3876.0,3845.0,3963.0,4056.0,2119.0,2703.0,4452.0,4539.0
Healthcare & Life Sciences,KSA,2023-08,FY23,200480.0,198663.0,119177.0,120036.0,29874.0,31379.0,5743.0,5017.0,1682.0,1994.0,4306.0,4595.0,3074.0,3187.0,2249.0,2105.0,5318.0,5351.0
Healthcare & Life Sciences,KSA,2023-09,FY23,224738.0,217497.0,126516.0,121404.0,31741.0,32674.0,4999.0,5003.0,2145.0,1770.0,5689.0,5636.0,3498.0,3531.0,2029.0,1894.0,5146.0,5113.0
Healthcare & Life Sciences,KSA,2023-10,FY23,186539.0,196376.0,107127.0,109333.0,28349.0,27764.0,5135.0,5557.0,1663.0,1443.0,4401.0,4435.0,3212.0,3114.0,1809.0,2246.0,4190.0,4082.0
Healthcare & Life Sciences,KSA,2023-11,FY23,196589.0,200845.0,117059.0,116476.0,31484.0,32006.0,4959.0,4692.0,2390.0,1941.0,4138.0,4543.0,3328.0,3491.0,1701.0,1510.0,4020.0,4097.0
Healthcare & Life Sciences,KSA,2023-12,FY23,218220.0,221575.0,127760.0,134740.0,31286.0,30535.0,7471.0,8427.0,3073.0,3719.0,3958.0,4136.0,2813.0,2799.0,1339.0,1239.0,5538.0,5440.0
Healthcare & Life Sciences,KSA,2024-01,FY23,197348.0,203234.0,112287.0,118989.0,28466.0,29800.0,4001.0,4101.0,2495.0,2050.0,3888.0,3776.0,3614.0,3657.0,1247.0,1487.0,3963.0,3937.0
Healthcare & Life Sciences,KSA,2024-02,FY23,212308.0,203702.0,123055.0,122796.0,29845.0,31797.0,6314.0,5805.0,2264.0,2917.0,4033.0,3939.0,4020.0,4033.0,1511.0,1663.0,5219.0,5353.0
Healthcare & Life Sciences,KSA,2024-03,FY23,216343.0,223106.0,123697.0,126823.0,32841.0,32423.0,5452.0,5210.0,2678.0,2459.0,6011.0,6072.0,4001.0,4051.0,2439.0,3254.0,6090.0,5918.0
Healthcare & Life Sciences,KSA,2024-04,FY24,199492.0,204897.0,109542.0,117603.0,31860.0,31212.0,5134.0,5843.0,2451.0,2727.0,4045.0,3896.0,2638.0,2762.0,2286.0,2280.0,5072.0,4983.0
Healthcare & Life Sciences,KSA,2024-05,FY24,205283.0,204269.0,120708.0,124836.0,30643.0,32101.0,5719.0,5093.0,3073.0,3958.0,3993.0,4344.0,3970.0,3898.0,1918.0,2626.0,4349.0,4301.0
Healthcare & Life Sciences,KSA,2024-06,FY24,215484.0,209768.0,126258.0,127944.0,32844.0,33344.0,5742.0,6489.0,3073.0,3892.0,4469.0,4738.0,2770.0,2683.0,2279.0,2660.0,4885.0,4905.0
Healthcare & Life Sciences,KSA,2024-07,FY24,203162.0,209908.0,118086.0,121580.0,32637.0,33369.0,5594.0,5770.0,2638.0,2604.0,5388.0,5434.0,2661.0,2579.0,1258.0,1583.0,4094.0,4037.0
Healthcare & Life Sciences,KSA,2024-08,FY24,217749.0,211595.0,130496.0,130593.0,30917.0,33142.0,7574.0,8408.0,2489.0,2396.0,4916.0,4741.0,3318.0,3166.0,2267.0,2331.0,5036.0,5070.0
Healthcare & Life Sciences,KSA,2024-09,FY24,241249.0,238564.0,137877.0,142018.0,39470.0,40546.0,6459.0,7093.0,2002.0,2598.0,5594.0,5545.0,4314.0,4339.0,2195.0,2587.0,4944.0,4882.0
Healthcare & Life Sciences,KSA,2024-10,FY24,212616.0,217722.0,125371.0,129049.0,32461.0,33676.0,4426.0,4449.0,1913.0,2324.0,4787.0,5027.0,2744.0,2820.0,2472.0,3010.0,4540.0,4516.0
Healthcare & Life Sciences,KSA,2024-11,FY24,211336.0,219806.0,121607.0,129916.0,30867.0,31485.0,5019.0,5308.0,3033.0,3634.0,5322.0,5015.0,2729.0,2715.0,1728.0,1925.0,5038.0,5126.0
Healthcare & Life Sciences,KSA,2024-12,FY24,258809.0,245556.0,145637.0,137941.0,42198.0,45167.0,7371.0,7724.0,2342.0,2891.0,5121.0,5368.0,3974.0,3898.0,2746.0,2932.0,6797.0,6641.0
Healthcare & Life Sciences,KSA,2025-01,FY24,213799.0,221705.0,123438.0,126374.0,32874.0,34981.0,6019.0,5127.0,3031.0,2785.0,5107.0,5136.0,3267.0,3130.0,2053.0,1944.0,5446.0,5485.0
Healthcare & Life Sciences,KSA,2025-02,FY24,233556.0,224783.0,126806.0,119213.0,37275.0,36307.0,7662.0,8046.0,3239.0,3075.0,6354.0,5902.0,3582.0,3467.0,2343.0,2733.0,6286.0,6322.0
Healthcare & Life Sciences,KSA,2025-03,FY24,244055.0,253883.0,138457.0,146305.0,40988.0,40178.0,5977.0,5741.0,2600.0,2168.0,5436.0,5540.0,3500.0,3372.0,2481.0,2393.0,6167.0,6176.0
Healthcare & Life Sciences,KSA,2025-04,FY25,237627.0,234474.0,129877.0,132019.0,37752.0,40719.0,6477.0,6844.0,3454.0,4467.0,4960.0,5107.0,3453.0,3462.0,2844.0,2879.0,5061.0,5080.0
Healthcare & Life Sciences,KSA,2025-05,FY25,241127.0,237371.0,137334.0,132583.0,38166.0,39996.0,8364.0,7113.0,1970.0,2192.0,4625.0,4961.0,4436.0,4657.0,2046.0,2047.0,6174.0,6225.0
Healthcare & Life Sciences,KSA,2025-06,FY25,226979.0,235421.0,126404.0,135698.0,33873.0,34745.0,5642.0,4806.0,2906.0,2821.0,5730.0,5907.0,2777.0,2687.0,1812.0,1817.0,6066.0,6217.0
Healthcare & Life Sciences,KSA,2025-07,FY25,245185.0,240973.0,139483.0,139825.0,40887.0,42075.0,6136.0,6659.0,2672.0,3130.0,6461.0,6292.0,4364.0,4283.0,2259.0,2089.0,6584.0,6702.0
Healthcare & Life Sciences,KSA,2025-08,FY25,243192.0,247541.0,145472.0,146594.0,34274.0,36954.0,7149.0,7883.0,2918.0,2903.0,5825.0,6266.0,4380.0,4470.0,1918.0,1571.0,5870.0,5869.0
Healthcare & Life Sciences,KSA,2025-09,FY25,271932.0,273510.0,162355.0,160783.0,40537.0,39821.0,8640.0,9360.0,3914.0,4000.0,4963.0,4997.0,4351.0,4216.0,3139.0,3891.0,6863.0,6976.0
Healthcare & Life Sciences,KSA,2025-10,FY25,258084.0,247061.0,152096.0,152246.0,41371.0,40734.0,7967.0,7870.0,3354.0,3559.0,4656.0,5065.0,4516.0,4559.0,1683.0,1818.0,5281.0,5288.0
Healthcare & Life Sciences,KSA,2025-11,FY25,245847.0,251506.0,141277.0,143424.0,40998.0,41215.0,5627.0,5250.0,2516.0,2568.0,4714.0,4464.0,3488.0,3319.0,2394.0,2654.0,5425.0,5376.0
Healthcare & Life Sciences,KSA,2025-12,FY25,266807.0,278799.0,155351.0,160707.0,39313.0,38442.0,7790.0,7413.0,2963.0,2563.0,6058.0,6310.0,3428.0,3275.0,2284.0,2072.0,6927.0,6966.0
Healthcare & Life Sciences,KSA,2026-01,FY25,265114.0,258920.0,152965.0,148258.0,43617.0,45729.0,7970.0,8050.0,3928.0,4627.0,6007.0,5669.0,4905.0,5111.0,2336.0,2507.0,7117.0,7207.0
Healthcare & Life Sciences,KSA,2026-02,FY25,253129.0,261550.0,140089.0,150779.0,40123.0,42948.0,6551.0,6943.0,3204.0,3827.0,6790.0,6801.0,3099.0,3091.0,2053.0,2211.0,5495.0,5583.0
Healthcare & Life Sciences,KSA,2026-03,FY25,280160.0,293273.0,153017.0,166302.0,45919.0,46187.0,8332.0,9063.0,3286.0,3287.0,6201.0,6398.0,4590.0,4808.0,2326.0,2336.0,7883.0,7926.0
Healthcare & Life Sciences,India,2023-04,FY23,218056.0,216897.0,120840.0,123046.0,31037.0,33284.0,6239.0,6214.0,2648.0,2731.0,5135.0,5484.0,2924.0,3057.0,1399.0,1210.0,6136.0,6236.0
Healthcare & Life Sciences,India,2023-05,FY23,217915.0,218064.0,126306.0,123018.0,35849.0,38272.0,7311.0,7610.0,1744.0,1523.0,4248.0,4314.0,3295.0,3321.0,1563.0,1890.0,5048.0,5069.0
Healthcare & Life Sciences,India,2023-06,FY23,218694.0,223946.0,130473.0,133995.0,37064.0,37356.0,4667.0,3978.0,3260.0,3267.0,4215.0,4101.0,3270.0,3286.0,1382.0,1689.0,6169.0,6117.0
Healthcare & Life Sciences,India,2023-07,FY23,239588.0,229516.0,132759.0,130646.0,36376.0,36558.0,6167.0,5948.0,2831.0,3203.0,5450.0,5199.0,3612.0,3765.0,2645.0,2361.0,7182.0,7255.0
Healthcare & Life Sciences,India,2023-08,FY23,216740.0,228482.0,117244.0,127267.0,33508.0,34113.0,7554.0,6613.0,2708.0,2729.0,4890.0,5193.0,3649.0,3622.0,1534.0,1696.0,5531.0,5514.0
Healthcare & Life Sciences,India,2023-09,FY23,235937.0,245182.0,135964.0,143473.0,39025.0,38871.0,6494.0,6320.0,2790.0,2744.0,6555.0,6701.0,4162.0,4001.0,2097.0,2546.0,5054.0,5124.0
Healthcare & Life Sciences,India,2023-10,FY23,250053.0,236336.0,146714.0,139433.0,35594.0,38011.0,5333.0,5289.0,3299.0,4223.0,4696.0,4856.0,4597.0,4511.0,1579.0,1589.0,6948.0,6935.0
Healthcare & Life Sciences,India,2023-11,FY23,238004.0,238886.0,139001.0,139767.0,40179.0,42502.0,5793.0,4985.0,3442.0,4043.0,6014.0,6143.0,2973.0,2965.0,1669.0,1387.0,7117.0,7249.0
Healthcare & Life Sciences,India,2023-12,FY23,252491.0,259120.0,137595.0,142576.0,41798.0,41822.0,5552.0,5187.0,3536.0,2854.0,4826.0,4592.0,4225.0,4078.0,2192.0,2816.0,5709.0,5778.0
Healthcare & Life Sciences,India,2024-01,FY23,253681.0,244884.0,150108.0,144203.0,36158.0,35650.0,8627.0,7732.0,2910.0,3774.0,6521.0,6279.0,3938.0,3992.0,1843.0,2286.0,5949.0,6000.0
Healthcare & Life Sciences,India,2024-02,FY23,238412.0,249929.0,131140.0,137459.0,35533.0,37383.0,7459.0,7532.0,2541.0,2929.0,5423.0,5131.0,4521.0,4300.0,2757.0,2948.0,6386.0,6563.0
Healthcare & Life Sciences,India,2024-03,FY23,256764.0,271730.0,152791.0,164922.0,43312.0,44070.0,8671.0,9603.0,2656.0,2479.0,4874.0,5058.0,3885.0,3991.0,2695.0,3343.0,6647.0,6525.0
Healthcare & Life Sciences,India,2024-04,FY24,261115.0,255286.0,143821.0,142494.0,41826.0,44398.0,5269.0,4633.0,2279.0,2331.0,5273.0,5120.0,3537.0,3369.0,1711.0,2332.0,6937.0,7077.0
Healthcare & Life Sciences,India,2024-05,FY24,266907.0,262556.0,155469.0,149259.0,44225.0,43530.0,7966.0,8922.0,3193.0,4098.0,7196.0,7521.0,3744.0,3732.0,3101.0,3669.0,7801.0,7696.0
Healthcare & Life Sciences,India,2024-06,FY24,277282.0,264479.0,162541.0,154023.0,40167.0,39289.0,8778.0,8469.0,2864.0,2377.0,7641.0,7394.0,4305.0,4301.0,3209.0,3742.0,6040.0,6037.0
Healthcare & Life Sciences,India,2024-07,FY24,271883.0,263390.0,150379.0,148886.0,45507.0,47723.0,5859.0,5108.0,3262.0,3018.0,6106.0,6603.0,3586.0,3636.0,3153.0,3780.0,6162.0,6236.0
Healthcare & Life Sciences,India,2024-08,FY24,272825.0,270403.0,155762.0,161679.0,42212.0,42970.0,8911.0,9662.0,3683.0,3941.0,4920.0,5371.0,5059.0,5050.0,2565.0,3491.0,6436.0,6506.0
Healthcare & Life Sciences,India,2024-09,FY24,295309.0,290695.0,176456.0,169203.0,46080.0,49568.0,6263.0,6187.0,3947.0,4436.0,5837.0,5411.0,4451.0,4313.0,3005.0,4020.0,7768.0,7702.0
Healthcare & Life Sciences,India,2024-10,FY24,274634.0,270326.0,160419.0,154388.0,40040.0,42009.0,7935.0,7909.0,2318.0,2481.0,5789.0,5882.0,5129.0,5103.0,3289.0,2704.0,5647.0,5745.0
Healthcare & Life Sciences,India,2024-11,FY24,255825.0,268109.0,150534.0,161346.0,39333.0,41087.0,8471.0,7579.0,3084.0,3893.0,4699.0,4443.0,4408.0,4395.0,2944.0,2436.0,6911.0,6758.0
Healthcare & Life Sciences,India,2024-12,FY24,270163.0,285586.0,150870.0,165104.0,41520.0,41054.0,7798.0,8541.0,2362.0,2477.0,7022.0,6739.0,4981.0,4944.0,2936.0,4079.0,7236.0,7160.0
Healthcare & Life Sciences,India,2025-01,FY24,277709.0,275200.0,152251.0,156881.0,45487.0,47946.0,8025.0,7629.0,2456.0,2138.0,6152.0,6431.0,4562.0,4534.0,3209.0,2646.0,5832.0,5954.0
Healthcare & Life Sciences,India,2025-02,FY24,288583.0,279278.0,156105.0,152286.0,40457.0,40042.0,6158.0,6438.0,4100.0,4133.0,7525.0,7969.0,5061.0,4912.0,2839.0,3162.0,6961.0,7144.0
Healthcare & Life Sciences,India,2025-03,FY24,285968.0,302767.0,157511.0,168276.0,48188.0,50067.0,9076.0,8662.0,2297.0,2108.0,5483.0,5568.0,3651.0,3601.0,3022.0,3396.0,6346.0,6449.0
Healthcare & Life Sciences,India,2025-04,FY25,280401.0,288131.0,154676.0,164654.0,45020.0,48466.0,7603.0,6865.0,3559.0,2924.0,6855.0,6658.0,4340.0,4268.0,3037.0,3812.0,5729.0,5812.0
Healthcare & Life Sciences,India,2025-05,FY25,284524.0,296038.0,167052.0,175072.0,40824.0,43619.0,8769.0,9013.0,2925.0,2631.0,7047.0,6896.0,5187.0,5097.0,1875.0,2330.0,8166.0,8105.0
Healthcare & Life Sciences,India,2025-06,FY25,294708.0,295738.0,167708.0,175547.0,42541.0,45607.0,7906.0,7639.0,2639.0,3061.0,7167.0,7852.0,4013.0,3863.0,2992.0,2501.0,6296.0,6429.0
Healthcare & Life Sciences,India,2025-07,FY25,286513.0,298282.0,160623.0,174476.0,45300.0,47875.0,8472.0,8755.0,2633.0,3384.0,7607.0,7117.0,5402.0,5396.0,3431.0,3963.0,8128.0,8020.0
Healthcare & Life Sciences,India,2025-08,FY25,312738.0,304119.0,173507.0,167619.0,49220.0,52572.0,9031.0,8080.0,3758.0,3016.0,8695.0,8062.0,4930.0,5062.0,1940.0,2170.0,7754.0,7893.0
Healthcare & Life Sciences,India,2025-09,FY25,330568.0,332465.0,183277.0,186963.0,46403.0,48746.0,11322.0,10074.0,3329.0,3741.0,6250.0,6290.0,4773.0,4870.0,3685.0,4600.0,6692.0,6674.0
Healthcare & Life Sciences,India,2025-10,FY25,332079.0,317808.0,187399.0,185541.0,50181.0,51238.0,9797.0,10856.0,2821.0,3517.0,7083.0,6558.0,5116.0,4998.0,3878.0,4365.0,9280.0,9440.0
Healthcare & Life Sciences,India,2025-11,FY25,330120.0,315692.0,192838.0,178961.0,55579.0,58036.0,10999.0,9715.0,3486.0,3868.0,7149.0,6803.0,5437.0,5202.0,3386.0,3125.0,9842.0,9688.0
Healthcare & Life Sciences,India,2025-12,FY25,334605.0,335471.0,199541.0,203079.0,56472.0,56081.0,10431.0,9572.0,3503.0,3271.0,8299.0,8049.0,4185.0,4120.0,2984.0,3330.0,7103.0,7192.0
Healthcare & Life Sciences,India,2026-01,FY25,320754.0,319494.0,178832.0,181659.0,52603.0,56495.0,10306.0,11669.0,2713.0,3380.0,7242.0,6767.0,6153.0,6023.0,3766.0,3260.0,7300.0,7386.0
Healthcare & Life Sciences,India,2026-02,FY25,337253.0,322730.0,192653.0,188024.0,50182.0,54029.0,9484.0,8437.0,3517.0,3594.0,8245.0,8018.0,4217.0,4374.0,2494.0,3413.0,8919.0,8872.0
Healthcare & Life Sciences,India,2026-03,FY25,352210.0,346143.0,197089.0,197041.0,56673.0,60221.0,9397.0,8845.0,3143.0,3755.0,6945.0,6714.0,5591.0,5854.0,3740.0,3098.0,8288.0,8266.0
Healthcare & Life Sciences,UK,2023-04,FY23,113501.0,116503.0,67918.0,72274.0,18249.0,19039.0,2531.0,2332.0,941.0,902.0,2187.0,2115.0,1530.0,1540.0,705.0,698.0,2660.0,2640.0
Healthcare & Life Sciences,UK,2023-05,FY23,112561.0,117311.0,62820.0,68523.0,17125.0,17552.0,2497.0,2466.0,1153.0,925.0,2857.0,3130.0,1649.0,1683.0,995.0,969.0,3314.0,3410.0
Healthcare & Life Sciences,UK,2023-06,FY23,113275.0,118284.0,65010.0,70883.0,17361.0,18156.0,3509.0,3930.0,1017.0,1094.0,2388.0,2370.0,2121.0,2110.0,743.0,619.0,2992.0,3007.0
Healthcare & Life Sciences,UK,2023-07,FY23,123741.0,117593.0,68884.0,63242.0,19322.0,19689.0,3721.0,3260.0,1433.0,1286.0,2621.0,2697.0,2419.0,2518.0,1011.0,899.0,3531.0,3503.0
Healthcare & Life Sciences,UK,2023-08,FY23,114579.0,117618.0,64288.0,69390.0,19046.0,18658.0,3543.0,3484.0,1713.0,2059.0,2393.0,2549.0,2264.0,2247.0,1304.0,1152.0,2964.0,2890.0
Healthcare & Life Sciences,UK,2023-09,FY23,128319.0,128711.0,75971.0,79979.0,18219.0,19597.0,4022.0,3525.0,1394.0,1753.0,2842.0,2899.0,2269.0,2327.0,875.0,798.0,3056.0,3066.0
Healthcare & Life Sciences,UK,2023-10,FY23,119850.0,115335.0,70721.0,67502.0,18790.0,19184.0,2445.0,2080.0,1179.0,1507.0,3157.0,3173.0,2065.0,2146.0,1019.0,1116.0,3221.0,3172.0
Healthcare & Life Sciences,UK,2023-11,FY23,111131.0,114184.0,66641.0,66569.0,18044.0,18656.0,3165.0,3515.0,1378.0,1430.0,2772.0,2610.0,1789.0,1802.0,1230.0,1104.0,2288.0,2263.0
Healthcare & Life Sciences,UK,2023-12,FY23,122731.0,128345.0,67477.0,69747.0,18727.0,20044.0,3110.0,2914.0,1437.0,1822.0,2840.0,3005.0,1653.0,1586.0,1291.0,1454.0,3525.0,3594.0
Healthcare & Life Sciences,UK,2024-01,FY23,115201.0,118018.0,66946.0,70285.0,16459.0,17015.0,3727.0,3182.0,1339.0,1321.0,2632.0,2583.0,2222.0,2134.0,798.0,744.0,2521.0,2581.0
Healthcare & Life Sciences,UK,2024-02,FY23,123926.0,119186.0,70829.0,68907.0,19399.0,20431.0,2690.0,2658.0,1058.0,1280.0,3375.0,3396.0,1796.0,1771.0,1351.0,1802.0,3219.0,3270.0
Healthcare & Life Sciences,UK,2024-03,FY23,134438.0,131135.0,72829.0,73757.0,19718.0,20985.0,2976.0,2732.0,1193.0,1032.0,2526.0,2638.0,2456.0,2352.0,1432.0,1796.0,2746.0,2681.0
Healthcare & Life Sciences,UK,2024-04,FY24,121298.0,121102.0,65932.0,64124.0,17902.0,17495.0,3641.0,3919.0,1635.0,2060.0,2433.0,2633.0,1635.0,1611.0,794.0,1038.0,3568.0,3664.0
Healthcare & Life Sciences,UK,2024-05,FY24,116077.0,121006.0,66168.0,70966.0,17093.0,17652.0,2494.0,2552.0,940.0,854.0,2312.0,2244.0,2230.0,2238.0,1375.0,1181.0,2570.0,2571.0
Healthcare & Life Sciences,UK,2024-06,FY24,120696.0,122662.0,69444.0,70818.0,20365.0,20159.0,3056.0,2946.0,1147.0,1048.0,2309.0,2534.0,1568.0,1507.0,823.0,1035.0,3265.0,3276.0
Healthcare & Life Sciences,UK,2024-07,FY24,118553.0,121050.0,64842.0,65503.0,18733.0,18814.0,4107.0,4038.0,1408.0,1331.0,3148.0,3003.0,1489.0,1540.0,1050.0,1268.0,2584.0,2661.0
Healthcare & Life Sciences,UK,2024-08,FY24,115891.0,121655.0,65627.0,70464.0,16520.0,16285.0,3014.0,3096.0,1010.0,1275.0,3219.0,2999.0,2295.0,2258.0,1109.0,1546.0,2460.0,2510.0
Healthcare & Life Sciences,UK,2024-09,FY24,132305.0,135917.0,77109.0,80450.0,19606.0,20720.0,3924.0,3807.0,1499.0,1651.0,2917.0,2938.0,1883.0,1933.0,880.0,836.0,3304.0,3329.0
Healthcare & Life Sciences,UK,2024-10,FY24,116376.0,122250.0,63212.0,64375.0,18660.0,20095.0,2995.0,3156.0,1055.0,1172.0,2207.0,2061.0,2096.0,2152.0,1252.0,1153.0,3098.0,3096.0
Healthcare & Life Sciences,UK,2024-11,FY24,119446.0,121730.0,70662.0,72905.0,20136.0,19602.0,3160.0,3553.0,1276.0,1221.0,2600.0,2607.0,1465.0,1473.0,1333.0,1309.0,3232.0,3230.0
Healthcare & Life Sciences,UK,2024-12,FY24,136254.0,132816.0,77562.0,73675.0,21835.0,22765.0,4126.0,4215.0,1544.0,1895.0,3143.0,3113.0,2174.0,2276.0,1322.0,1337.0,4057.0,4013.0
Healthcare & Life Sciences,UK,2025-01,FY24,112451.0,118944.0,66370.0,69899.0,18246.0,17753.0,3753.0,3574.0,976.0,949.0,2426.0,2385.0,1944.0,1895.0,1112.0,1285.0,3273.0,3188.0
Healthcare & Life Sciences,UK,2025-02,FY24,116333.0,118645.0,62957.0,63770.0,17895.0,19058.0,3318.0,3718.0,1148.0,1318.0,2778.0,3049.0,1748.0,1729.0,1098.0,1411.0,2443.0,2469.0
Healthcare & Life Sciences,UK,2025-03,FY24,130552.0,130509.0,76490.0,76070.0,20685.0,20891.0,3465.0,3462.0,1819.0,2171.0,3447.0,3504.0,1867.0,1783.0,1564.0,1628.0,2906.0,2948.0
Healthcare & Life Sciences,UK,2025-04,FY25,122022.0,117182.0,66585.0,63574.0,17329.0,18336.0,3310.0,3022.0,1656.0,1864.0,2565.0,2731.0,1887.0,1895.0,879.0,915.0,3203.0,3194.0
Healthcare & Life Sciences,UK,2025-05,FY25,114485.0,119048.0,61950.0,66224.0,18991.0,19626.0,2655.0,3023.0,1511.0,1562.0,3134.0,3184.0,1937.0,1989.0,985.0,1123.0,3007.0,3011.0
Healthcare & Life Sciences,UK,2025-06,FY25,114001.0,119033.0,62590.0,67051.0,16987.0,17291.0,2825.0,3105.0,963.0,868.0,2522.0,2694.0,1957.0,1909.0,1095.0,1143.0,2409.0,2364.0
Healthcare & Life Sciences,UK,2025-07,FY25,123101.0,118450.0,69903.0,68208.0,18845.0,19621.0,2530.0,2271.0,1102.0,1024.0,3205.0,3329.0,1651.0,1709.0,1450.0,1583.0,2487.0,2541.0
Healthcare & Life Sciences,UK,2025-08,FY25,118528.0,117100.0,70172.0,72258.0,18041.0,18221.0,3539.0,3104.0,1731.0,2012.0,2300.0,2162.0,2119.0,2211.0,1082.0,1404.0,3496.0,3587.0
Healthcare & Life Sciences,UK,2025-09,FY25,134296.0,128372.0,74438.0,69372.0,22051.0,22188.0,3863.0,3735.0,1778.0,1632.0,2985.0,2824.0,1800.0,1885.0,1160.0,1105.0,3478.0,3476.0
Healthcare & Life Sciences,UK,2025-10,FY25,122867.0,116589.0,68681.0,65311.0,19718.0,21216.0,4078.0,4613.0,1295.0,1499.0,3221.0,2976.0,2425.0,2451.0,1358.0,1626.0,3613.0,3654.0
Healthcare & Life Sciences,UK,2025-11,FY25,114861.0,118565.0,65834.0,67419.0,19383.0,19575.0,3697.0,3278.0,1616.0,1986.0,2514.0,2725.0,1739.0,1822.0,865.0,739.0,3242.0,3191.0
Healthcare & Life Sciences,UK,2025-12,FY25,135838.0,129761.0,80817.0,78703.0,22601.0,23829.0,3545.0,3049.0,1911.0,2315.0,3723.0,3741.0,2079.0,2150.0,1400.0,1856.0,3831.0,3906.0
Healthcare & Life Sciences,UK,2026-01,FY25,119475.0,119384.0,67039.0,68194.0,19642.0,20647.0,3202.0,2748.0,999.0,1120.0,2903.0,3084.0,1564.0,1548.0,1167.0,1153.0,2488.0,2437.0
Healthcare & Life Sciences,UK,2026-02,FY25,126868.0,120099.0,74831.0,73020.0,20985.0,21938.0,4046.0,3827.0,1440.0,1681.0,2614.0,2728.0,2362.0,2433.0,912.0,956.0,2768.0,2831.0
Healthcare & Life Sciences,UK,2026-03,FY25,141589.0,135347.0,78365.0,78620.0,23744.0,24722.0,4163.0,4671.0,2098.0,1886.0,3542.0,3366.0,2153.0,2138.0,1071.0,914.0,3353.0,3443.0
Healthcare & Life Sciences,USA,2023-04,FY23,111252.0,105914.0,63105.0,61526.0,15971.0,16745.0,2543.0,2819.0,1499.0,1415.0,2552.0,2408.0,2097.0,2118.0,1332.0,1292.0,2978.0,2963.0
Healthcare & Life Sciences,USA,2023-05,FY23,101542.0,106048.0,56601.0,58380.0,16097.0,17221.0,2594.0,2737.0,1138.0,916.0,1963.0,1920.0,1781.0,1814.0,1044.0,1279.0,2778.0,2737.0
Healthcare & Life Sciences,USA,2023-06,FY23,99294.0,104846.0,55602.0,57845.0,16607.0,17930.0,3385.0,3859.0,1210.0,1421.0,1832.0,1769.0,1684.0,1651.0,831.0,850.0,2947.0,2958.0
Healthcare & Life Sciences,USA,2023-07,FY23,102662.0,105703.0,58540.0,63077.0,17076.0,16812.0,2542.0,2565.0,923.0,792.0,1893.0,1785.0,1948.0,2013.0,1077.0,1460.0,2344.0,2397.0
Healthcare & Life Sciences,USA,2023-08,FY23,110054.0,106705.0,61171.0,58845.0,18355.0,18441.0,3843.0,4147.0,997.0,1223.0,2704.0,2876.0,1368.0,1320.0,812.0,667.0,2487.0,2518.0
Healthcare & Life Sciences,USA,2023-09,FY23,123224.0,116312.0,73396.0,67190.0,18569.0,19460.0,3361.0,3354.0,1715.0,2115.0,2370.0,2220.0,2335.0,2260.0,864.0,955.0,2801.0,2867.0
Healthcare & Life Sciences,USA,2023-10,FY23,108937.0,107856.0,65177.0,65210.0,17117.0,17388.0,2304.0,2489.0,1388.0,1726.0,1989.0,2074.0,1900.0,1880.0,1039.0,1424.0,3091.0,3027.0
Healthcare & Life Sciences,USA,2023-11,FY23,110802.0,106573.0,64218.0,62055.0,18687.0,19348.0,2226.0,2540.0,1395.0,1779.0,2354.0,2476.0,1981.0,2072.0,1043.0,967.0,2270.0,2290.0
Healthcare & Life Sciences,USA,2023-12,FY23,109472.0,115640.0,59579.0,66127.0,16579.0,16809.0,2482.0,2828.0,1539.0,1300.0,2904.0,2757.0,1996.0,1953.0,1151.0,1372.0,2321.0,2320.0
Healthcare & Life Sciences,USA,2024-01,FY23,110496.0,106578.0,61724.0,61054.0,15905.0,16592.0,3589.0,3603.0,1263.0,1570.0,2515.0,2569.0,1700.0,1744.0,1201.0,1403.0,2690.0,2678.0
Healthcare & Life Sciences,USA,2024-02,FY23,103138.0,105135.0,58563.0,58773.0,16563.0,16349.0,2829.0,2939.0,1204.0,1138.0,2308.0,2500.0,1632.0,1575.0,698.0,937.0,2931.0,2935.0
Healthcare & Life Sciences,USA,2024-03,FY23,107768.0,113953.0,58690.0,60036.0,15435.0,15693.0,2308.0,2419.0,1291.0,1196.0,2214.0,2069.0,1727.0,1660.0,1074.0,975.0,2352.0,2337.0
Healthcare & Life Sciences,USA,2024-04,FY24,108234.0,103552.0,60379.0,58737.0,16630.0,17357.0,3177.0,2953.0,1598.0,1975.0,2151.0,2051.0,1946.0,1966.0,1215.0,1050.0,2743.0,2662.0
Healthcare & Life Sciences,USA,2024-05,FY24,98432.0,102468.0,55971.0,59761.0,16346.0,17592.0,2857.0,2846.0,1214.0,1562.0,2127.0,2215.0,1725.0,1707.0,769.0,673.0,1982.0,1936.0
Healthcare & Life Sciences,USA,2024-06,FY24,106682.0,100980.0,63107.0,58771.0,17011.0,17716.0,2831.0,2938.0,1443.0,1292.0,2241.0,2249.0,1685.0,1604.0,746.0,665.0,2883.0,2963.0
Healthcare & Life Sciences,USA,2024-07,FY24,105739.0,101363.0,60812.0,57288.0,16610.0,17635.0,2196.0,1872.0,1313.0,1519.0,2939.0,3153.0,1892.0,1910.0,986.0,961.0,2630.0,2628.0
Healthcare & Life Sciences,USA,2024-08,FY24,103603.0,102235.0,60164.0,61500.0,16021.0,16799.0,2893.0,2825.0,1058.0,880.0,2790.0,2776.0,1636.0,1635.0,1205.0,1215.0,2795.0,2715.0
Healthcare & Life Sciences,USA,2024-09,FY24,106683.0,110775.0,59810.0,61174.0,15639.0,16734.0,2676.0,2758.0,1483.0,1674.0,2060.0,2004.0,1887.0,1974.0,1173.0,1412.0,2917.0,2969.0
Healthcare & Life Sciences,USA,2024-10,FY24,107882.0,103599.0,62281.0,59200.0,17528.0,18288.0,2367.0,2154.0,1321.0,1123.0,2391.0,2627.0,1557.0,1512.0,678.0,550.0,3108.0,3081.0
Healthcare & Life Sciences,USA,2024-11,FY24,106730.0,102689.0,63362.0,59073.0,15146.0,15409.0,3123.0,2768.0,1021.0,948.0,2284.0,2247.0,1321.0,1371.0,812.0,723.0,2871.0,2874.0
Healthcare & Life Sciences,USA,2024-12,FY24,115778.0,112980.0,68957.0,67504.0,17797.0,18911.0,2508.0,2211.0,1421.0,1693.0,3181.0,3398.0,1428.0,1372.0,1132.0,1497.0,3370.0,3301.0
Healthcare & Life Sciences,USA,2025-01,FY24,102814.0,103541.0,58640.0,60777.0,14700.0,15305.0,2572.0,2293.0,1433.0,1461.0,2278.0,2411.0,1436.0,1480.0,827.0,912.0,2144.0,2128.0
Healthcare & Life Sciences,USA,2025-02,FY24,103355.0,105113.0,59936.0,59650.0,16806.0,17081.0,2421.0,2640.0,1126.0,1131.0,2335.0,2506.0,1897.0,1871.0,639.0,567.0,2077.0,2115.0
Healthcare & Life Sciences,USA,2025-03,FY24,111081.0,116906.0,62082.0,68739.0,16099.0,15725.0,3487.0,3655.0,1387.0,1735.0,2064.0,2134.0,1967.0,1999.0,1013.0,990.0,2668.0,2697.0
Healthcare & Life Sciences,USA,2025-04,FY25,105727.0,108269.0,61804.0,66047.0,14827.0,14839.0,2952.0,3324.0,1364.0,1396.0,2120.0,2158.0,1936.0,1965.0,1077.0,1435.0,2941.0,2924.0
Healthcare & Life Sciences,USA,2025-05,FY25,104926.0,107486.0,56893.0,57929.0,16972.0,17844.0,2297.0,2636.0,1048.0,887.0,2468.0,2502.0,1895.0,1831.0,647.0,827.0,2720.0,2678.0
Healthcare & Life Sciences,USA,2025-06,FY25,112170.0,109202.0,67214.0,63855.0,15906.0,16081.0,3298.0,3154.0,935.0,1052.0,2159.0,2102.0,2007.0,1998.0,1335.0,1713.0,3353.0,3366.0
Healthcare & Life Sciences,USA,2025-07,FY25,113181.0,111472.0,64739.0,64852.0,17035.0,17057.0,3596.0,3828.0,1438.0,1664.0,2625.0,2532.0,1655.0,1669.0,1238.0,1259.0,2375.0,2405.0
Healthcare & Life Sciences,USA,2025-08,FY25,107800.0,113494.0,58614.0,64482.0,16632.0,16949.0,2753.0,2775.0,1306.0,1384.0,2366.0,2289.0,1724.0,1711.0,931.0,1265.0,2684.0,2760.0
Healthcare & Life Sciences,USA,2025-09,FY25,120272.0,125634.0,65864.0,70755.0,17305.0,18127.0,3963.0,3509.0,1141.0,1183.0,3063.0,3338.0,1799.0,1880.0,1156.0,1208.0,2551.0,2562.0
Healthcare & Life Sciences,USA,2025-10,FY25,109227.0,113968.0,61417.0,67451.0,16286.0,16668.0,3481.0,3107.0,1325.0,1092.0,2943.0,3179.0,1499.0,1547.0,976.0,852.0,2565.0,2622.0
Healthcare & Life Sciences,USA,2025-11,FY25,115154.0,114153.0,66092.0,68373.0,18821.0,19240.0,3547.0,3659.0,1535.0,1615.0,2604.0,2607.0,1796.0,1862.0,916.0,1172.0,3068.0,3051.0
Healthcare & Life Sciences,USA,2025-12,FY25,121865.0,123414.0,69763.0,74093.0,20315.0,21350.0,3618.0,4015.0,1578.0,1714.0,3164.0,3314.0,2009.0,1933.0,1140.0,1044.0,3191.0,3206.0
Healthcare & Life Sciences,USA,2026-01,FY25,112955.0,112011.0,62279.0,62184.0,18853.0,18537.0,3845.0,3476.0,919.0,1097.0,2310.0,2419.0,2158.0,2146.0,1225.0,1426.0,2713.0,2639.0
Healthcare & Life Sciences,USA,2026-02,FY25,107661.0,114194.0,60960.0,64744.0,17849.0,17937.0,2569.0,2272.0,936.0,827.0,2093.0,2022.0,1369.0,1343.0,909.0,819.0,2815.0,2785.0
Healthcare & Life Sciences,USA,2026-03,FY25,115946.0,122432.0,65324.0,68488.0,17668.0,17768.0,2972.0,3264.0,1026.0,925.0,2959.0,3034.0,1849.0,1896.0,964.0,838.0,2389.0,2384.0
Healthcare & Life Sciences,Rest of GCC,2023-04,FY23,65559.0,67723.0,38888.0,39728.0,11073.0,11563.0,1553.0,1578.0,885.0,843.0,1447.0,1353.0,1120.0,1087.0,774.0,793.0,1957.0,1990.0
Healthcare & Life Sciences,Rest of GCC,2023-05,FY23,67691.0,68316.0,40255.0,40804.0,9479.0,9679.0,2196.0,2057.0,1002.0,802.0,1850.0,1863.0,1136.0,1175.0,561.0,567.0,1782.0,1791.0
Healthcare & Life Sciences,Rest of GCC,2023-06,FY23,65086.0,68841.0,38033.0,40789.0,9699.0,9830.0,1422.0,1268.0,774.0,727.0,1453.0,1496.0,1280.0,1257.0,657.0,661.0,1472.0,1494.0
Healthcare & Life Sciences,Rest of GCC,2023-07,FY23,67099.0,69209.0,40191.0,41253.0,10319.0,10690.0,1358.0,1436.0,840.0,673.0,1528.0,1654.0,1166.0,1156.0,763.0,932.0,1854.0,1858.0
Healthcare & Life Sciences,Rest of GCC,2023-08,FY23,71774.0,70512.0,39092.0,37103.0,11840.0,12360.0,2159.0,2064.0,983.0,1193.0,1549.0,1474.0,1302.0,1328.0,434.0,468.0,2107.0,2100.0
Healthcare & Life Sciences,Rest of GCC,2023-09,FY23,70927.0,75264.0,39497.0,43874.0,10691.0,10476.0,2071.0,1949.0,924.0,847.0,1627.0,1603.0,1010.0,1051.0,726.0,672.0,1558.0,1588.0
Healthcare & Life Sciences,Rest of GCC,2023-10,FY23,73576.0,70449.0,42243.0,40779.0,11519.0,12010.0,2096.0,2211.0,880.0,733.0,1419.0,1322.0,1036.0,1043.0,542.0,604.0,2047.0,2009.0
Healthcare & Life Sciences,Rest of GCC,2023-11,FY23,75684.0,71465.0,44016.0,42038.0,11170.0,11523.0,2029.0,2296.0,945.0,1202.0,1402.0,1527.0,1170.0,1228.0,579.0,699.0,1867.0,1851.0
Healthcare & Life Sciences,Rest of GCC,2023-12,FY23,81529.0,77939.0,45124.0,42661.0,12441.0,12682.0,1637.0,1487.0,699.0,759.0,1488.0,1566.0,1616.0,1604.0,526.0,500.0,1765.0,1745.0
Healthcare & Life Sciences,Rest of GCC,2024-01,FY23,70063.0,73626.0,39852.0,43381.0,11054.0,11484.0,1753.0,1622.0,613.0,563.0,1500.0,1395.0,1028.0,1058.0,817.0,1034.0,1835.0,1864.0
Healthcare & Life Sciences,Rest of GCC,2024-02,FY23,75238.0,74532.0,41015.0,39365.0,10609.0,10656.0,2461.0,2140.0,669.0,843.0,1687.0,1644.0,1280.0,1224.0,757.0,860.0,1727.0,1715.0
Healthcare & Life Sciences,Rest of GCC,2024-03,FY23,81544.0,79151.0,45174.0,44638.0,13030.0,12654.0,2100.0,2286.0,1155.0,1282.0,1745.0,1900.0,1489.0,1482.0,650.0,595.0,1715.0,1725.0
Healthcare & Life Sciences,Rest of GCC,2024-04,FY24,75648.0,73109.0,41729.0,40961.0,12037.0,12015.0,1991.0,2125.0,841.0,775.0,1965.0,1829.0,1096.0,1089.0,890.0,1115.0,1748.0,1788.0
Healthcare & Life Sciences,Rest of GCC,2024-05,FY24,71301.0,74451.0,39823.0,41370.0,10771.0,10457.0,2053.0,2163.0,599.0,631.0,1879.0,2019.0,1096.0,1063.0,514.0,691.0,1986.0,1967.0
Healthcare & Life Sciences,Rest of GCC,2024-06,FY24,77259.0,75494.0,46272.0,45969.0,11584.0,11974.0,2661.0,2754.0,845.0,745.0,1742.0,1850.0,953.0,926.0,465.0,434.0,1723.0,1736.0
Healthcare & Life Sciences,Rest of GCC,2024-07,FY24,77366.0,75248.0,46200.0,44677.0,12549.0,12456.0,1761.0,2020.0,815.0,682.0,1416.0,1332.0,1108.0,1074.0,736.0,927.0,1581.0,1536.0
Healthcare & Life Sciences,Rest of GCC,2024-08,FY24,71950.0,74878.0,42675.0,45606.0,10806.0,11141.0,1632.0,1398.0,1000.0,1255.0,1310.0,1365.0,1082.0,1113.0,480.0,654.0,1658.0,1632.0
Healthcare & Life Sciences,Rest of GCC,2024-09,FY24,83405.0,81825.0,49749.0,51167.0,14173.0,15122.0,2767.0,2406.0,752.0,949.0,2164.0,2066.0,1253.0,1237.0,800.0,1109.0,1872.0,1821.0
Healthcare & Life Sciences,Rest of GCC,2024-10,FY24,74383.0,77266.0,42557.0,45711.0,11145.0,10876.0,2375.0,2641.0,1038.0,1333.0,1998.0,1913.0,941.0,938.0,742.0,622.0,1866.0,1894.0
Healthcare & Life Sciences,Rest of GCC,2024-11,FY24,78365.0,78279.0,44661.0,44864.0,11728.0,11858.0,2384.0,2538.0,898.0,839.0,1725.0,1873.0,1306.0,1245.0,573.0,528.0,2244.0,2230.0
Healthcare & Life Sciences,Rest of GCC,2024-12,FY24,87750.0,83839.0,50393.0,50392.0,13270.0,13676.0,1932.0,1691.0,975.0,951.0,2092.0,2100.0,1489.0,1478.0,773.0,808.0,2461.0,2434.0
Healthcare & Life Sciences,Rest of GCC,2025-01,FY24,75416.0,78432.0,41783.0,44416.0,11371.0,11133.0,2462.0,2471.0,943.0,1125.0,2056.0,1928.0,948.0,904.0,543.0,498.0,1757.0,1736.0
Healthcare & Life Sciences,Rest of GCC,2025-02,FY24,81760.0,79998.0,45497.0,45739.0,13894.0,15003.0,2558.0,2742.0,1176.0,946.0,1717.0,1834.0,1493.0,1479.0,690.0,792.0,2171.0,2167.0
Healthcare & Life Sciences,Rest of GCC,2025-03,FY24,89103.0,86395.0,48914.0,47416.0,13081.0,13767.0,2416.0,2427.0,1203.0,1418.0,2248.0,2255.0,1634.0,1603.0,635.0,801.0,2404.0,2362.0
Healthcare & Life Sciences,Rest of GCC,2025-04,FY25,81610.0,81042.0,45904.0,46304.0,11740.0,12606.0,1644.0,1797.0,1129.0,1095.0,1811.0,1890.0,1243.0,1278.0,753.0,750.0,1651.0,1679.0
Healthcare & Life Sciences,Rest of GCC,2025-05,FY25,79558.0,83008.0,47509.0,49279.0,12641.0,13100.0,2317.0,2572.0,1182.0,1066.0,1743.0,1771.0,1075.0,1033.0,749.0,802.0,2303.0,2247.0
Healthcare & Life Sciences,Rest of GCC,2025-06,FY25,82809.0,82287.0,44876.0,45782.0,12807.0,12686.0,1742.0,1984.0,827.0,758.0,2037.0,1900.0,1032.0,1034.0,582.0,766.0,1996.0,1955.0
Healthcare & Life Sciences,Rest of GCC,2025-07,FY25,81951.0,81594.0,46605.0,45051.0,13821.0,14723.0,1799.0,1640.0,904.0,1044.0,1864.0,1917.0,1599.0,1613.0,739.0,895.0,1865.0,1810.0
Healthcare & Life Sciences,Rest of GCC,2025-08,FY25,76773.0,81012.0,43296.0,47338.0,11959.0,12798.0,2548.0,2518.0,924.0,1080.0,1603.0,1729.0,1202.0,1226.0,788.0,771.0,2006.0,2043.0
Healthcare & Life Sciences,Rest of GCC,2025-09,FY25,83711.0,86309.0,49724.0,52705.0,12869.0,13772.0,1905.0,1944.0,900.0,1146.0,1707.0,1838.0,1188.0,1203.0,649.0,876.0,2259.0,2289.0
Healthcare & Life Sciences,Rest of GCC,2025-10,FY25,80143.0,80206.0,48049.0,48700.0,13613.0,13319.0,1729.0,1867.0,824.0,845.0,1645.0,1663.0,1258.0,1204.0,815.0,1019.0,1908.0,1936.0
Healthcare & Life Sciences,Rest of GCC,2025-11,FY25,80922.0,81938.0,43750.0,43130.0,13556.0,13637.0,2527.0,2515.0,686.0,737.0,1653.0,1803.0,1062.0,1096.0,894.0,807.0,1633.0,1594.0
Healthcare & Life Sciences,Rest of GCC,2025-12,FY25,88081.0,87716.0,49629.0,48010.0,14349.0,14988.0,1964.0,1880.0,838.0,685.0,2180.0,2090.0,1548.0,1600.0,957.0,1134.0,2393.0,2450.0
Healthcare & Life Sciences,Rest of GCC,2026-01,FY25,80198.0,82086.0,43559.0,42962.0,13086.0,13798.0,2721.0,2619.0,775.0,655.0,1782.0,1957.0,1179.0,1143.0,803.0,749.0,2312.0,2353.0
Healthcare & Life Sciences,Rest of GCC,2026-02,FY25,80435.0,83774.0,44241.0,46143.0,11521.0,11590.0,2287.0,2074.0,760.0,814.0,2203.0,2075.0,1103.0,1087.0,566.0,589.0,1863.0,1851.0
Healthcare & Life Sciences,Rest of GCC,2026-03,FY25,85576.0,90278.0,50396.0,54293.0,12928.0,12636.0,1992.0,1873.0,1043.0,1347.0,1627.0,1654.0,1705.0,1765.0,601.0,827.0,2225.0,2289.0
Retail & Consumer,UAE,2023-04,FY23,323755.0,316400.0,181278.0,180883.0,53911.0,54179.0,10611.0,10554.0,3349.0,3698.0,7722.0,7636.0,5544.0,5396.0,3084.0,4296.0,7228.0,7278.0
Retail & Consumer,UAE,2023-05,FY23,317055.0,324498.0,185247.0,195392.0,50283.0,49106.0,8122.0,7626.0,2873.0,2592.0,5827.0,6329.0,5322.0,5559.0,3309.0,3300.0,7223.0,7285.0
Retail & Consumer,UAE,2023-06,FY23,331846.0,331017.0,198661.0,202270.0,49330.0,47979.0,10853.0,10304.0,3217.0,3441.0,8982.0,9339.0,4641.0,4728.0,3424.0,3988.0,7903.0,7818.0
Retail & Consumer,UAE,2023-07,FY23,313651.0,333414.0,185742.0,191944.0,45722.0,47541.0,6939.0,6323.0,2711.0,2972.0,8253.0,8977.0,4357.0,4173.0,3246.0,3203.0,8537.0,8406.0
Retail & Consumer,UAE,2023-08,FY23,322240.0,332249.0,179527.0,185905.0,51258.0,51253.0,10221.0,8933.0,4772.0,4768.0,6341.0,6337.0,5169.0,5290.0,3403.0,4396.0,9002.0,8743.0
Retail & Consumer,UAE,2023-09,FY23,377493.0,362109.0,221034.0,221469.0,59589.0,58803.0,11664.0,10815.0,4245.0,4359.0,8211.0,8450.0,4747.0,4575.0,3328.0,2971.0,8266.0,8024.0
Retail & Consumer,UAE,2023-10,FY23,346156.0,337042.0,197131.0,200800.0,58226.0,62695.0,8861.0,8833.0,4323.0,4730.0,7646.0,7088.0,6706.0,6629.0,3252.0,2981.0,8433.0,8309.0
Retail & Consumer,UAE,2023-11,FY23,355115.0,345890.0,202620.0,198889.0,57051.0,59710.0,10569.0,11921.0,4670.0,4302.0,6515.0,6947.0,6054.0,6161.0,3617.0,4294.0,8030.0,8009.0
Retail & Consumer,UAE,2023-12,FY23,370267.0,381516.0,213322.0,230328.0,61185.0,59432.0,11687.0,12193.0,5339.0,5333.0,8835.0,9561.0,5979.0,5793.0,3161.0,4103.0,8342.0,8243.0
Retail & Consumer,UAE,2024-01,FY23,368619.0,361739.0,207520.0,201983.0,56158.0,59887.0,11396.0,9990.0,4591.0,5456.0,7905.0,7476.0,6631.0,6916.0,3092.0,3045.0,11011.0,11220.0
Retail & Consumer,UAE,2024-02,FY23,339445.0,357920.0,197482.0,210467.0,54188.0,56932.0,7658.0,7370.0,4388.0,3945.0,6728.0,7338.0,5297.0,5464.0,2415.0,2017.0,7409.0,7524.0
Retail & Consumer,UAE,2024-03,FY23,406912.0,388174.0,229713.0,223538.0,64590.0,68822.0,9152.0,8584.0,4331.0,4064.0,8717.0,8939.0,6439.0,6550.0,2688.0,2249.0,11197.0,10866.0
Retail & Consumer,UAE,2024-04,FY24,383693.0,362483.0,209424.0,200064.0,53801.0,55756.0,13354.0,14401.0,5573.0,5777.0,8200.0,8178.0,5742.0,5966.0,4603.0,5938.0,11284.0,11396.0
Retail & Consumer,UAE,2024-05,FY24,344824.0,364173.0,193571.0,203163.0,49312.0,50311.0,10508.0,11218.0,4902.0,4262.0,8282.0,8915.0,4909.0,5007.0,3755.0,3834.0,9029.0,9115.0
Retail & Consumer,UAE,2024-06,FY24,363465.0,367294.0,200370.0,213245.0,61326.0,64968.0,7360.0,7051.0,3024.0,3640.0,7726.0,7726.0,6126.0,6065.0,3517.0,2985.0,8825.0,9053.0
Retail & Consumer,UAE,2024-07,FY24,399237.0,377199.0,236119.0,232613.0,64688.0,64838.0,9153.0,8173.0,4647.0,5046.0,10607.0,10722.0,5199.0,5353.0,3117.0,3752.0,10176.0,10405.0
Retail & Consumer,UAE,2024-08,FY24,373331.0,375753.0,204190.0,210449.0,54964.0,54595.0,11685.0,12245.0,3220.0,3276.0,9392.0,8912.0,7254.0,7546.0,3957.0,3689.0,8428.0,8416.0
Retail & Consumer,UAE,2024-09,FY24,399112.0,418018.0,218771.0,231947.0,64561.0,63266.0,12124.0,13477.0,5796.0,6858.0,9581.0,9925.0,5993.0,6123.0,4157.0,4278.0,10545.0,10584.0
Retail & Consumer,UAE,2024-10,FY24,409218.0,394612.0,226467.0,212774.0,58367.0,57188.0,12730.0,14400.0,5407.0,4639.0,8871.0,9524.0,8034.0,8096.0,2459.0,2059.0,10376.0,10592.0
Retail & Consumer,UAE,2024-11,FY24,397247.0,406035.0,223214.0,233822.0,65108.0,66877.0,11530.0,10569.0,4277.0,4573.0,8980.0,8495.0,7763.0,8025.0,3575.0,3838.0,10334.0,10114.0
Retail & Consumer,UAE,2024-12,FY24,463759.0,447577.0,269990.0,265020.0,69224.0,74688.0,10134.0,11645.0,6004.0,6239.0,12191.0,12302.0,8178.0,8077.0,5513.0,5512.0,13115.0,12887.0
Retail & Consumer,UAE,2025-01,FY24,436120.0,420458.0,253833.0,237413.0,72380.0,71634.0,11912.0,11525.0,6494.0,7336.0,11551.0,12688.0,7145.0,7029.0,4391.0,6122.0,12027.0,11948.0
Retail & Consumer,UAE,2025-02,FY24,413891.0,424955.0,240795.0,242878.0,68577.0,69490.0,9090.0,9778.0,4993.0,6004.0,10967.0,11490.0,6482.0,6264.0,2825.0,3440.0,9483.0,9281.0
Retail & Consumer,UAE,2025-03,FY24,473822.0,460108.0,276768.0,259766.0,76654.0,79208.0,14297.0,16392.0,4280.0,5458.0,10553.0,11308.0,9196.0,8825.0,5612.0,5094.0,9725.0,10005.0
Retail & Consumer,UAE,2025-04,FY25,435644.0,430816.0,260595.0,262596.0,66270.0,64530.0,10287.0,10252.0,5583.0,7131.0,10685.0,10552.0,7639.0,7865.0,4335.0,5491.0,12481.0,12594.0
Retail & Consumer,UAE,2025-05,FY25,438952.0,431028.0,246708.0,236220.0,62541.0,64030.0,13183.0,13222.0,3582.0,3892.0,10415.0,10095.0,7885.0,8117.0,3111.0,3393.0,11609.0,11563.0
Retail & Consumer,UAE,2025-06,FY25,415421.0,436397.0,225910.0,248421.0,68070.0,67412.0,13374.0,11447.0,4940.0,5277.0,10852.0,10938.0,6710.0,6767.0,4272.0,5443.0,8824.0,8958.0
Retail & Consumer,UAE,2025-07,FY25,470192.0,448780.0,259000.0,251674.0,68365.0,70486.0,15050.0,13348.0,4186.0,3780.0,9221.0,9417.0,8845.0,8434.0,5586.0,6165.0,11113.0,11143.0
Retail & Consumer,UAE,2025-08,FY25,475812.0,451680.0,256941.0,241665.0,80120.0,82294.0,15103.0,15824.0,5288.0,5756.0,11872.0,12039.0,9463.0,9323.0,4391.0,4066.0,9987.0,10179.0
Retail & Consumer,UAE,2025-09,FY25,471099.0,489419.0,262865.0,283674.0,79485.0,82365.0,10949.0,10486.0,4193.0,4659.0,8830.0,8529.0,7092.0,7378.0,3957.0,3363.0,10619.0,10571.0
Retail & Consumer,UAE,2025-10,FY25,461049.0,459071.0,250918.0,257478.0,78314.0,81967.0,10553.0,10148.0,5810.0,7032.0,11088.0,11039.0,6099.0,6399.0,3966.0,3234.0,12004.0,11700.0
Retail & Consumer,UAE,2025-11,FY25,435140.0,456505.0,249293.0,253908.0,69277.0,69964.0,10880.0,10140.0,6128.0,5594.0,7875.0,7780.0,8594.0,8490.0,2885.0,3910.0,9467.0,9597.0
Retail & Consumer,UAE,2025-12,FY25,515164.0,496036.0,293323.0,285630.0,82948.0,88356.0,14565.0,15035.0,7354.0,6511.0,14149.0,14009.0,7605.0,7789.0,6083.0,6807.0,13367.0,13647.0
Retail & Consumer,UAE,2026-01,FY25,440643.0,461257.0,238198.0,251961.0,63746.0,62720.0,11317.0,12116.0,3688.0,4288.0,12226.0,12805.0,6166.0,6233.0,4513.0,4106.0,13159.0,13395.0
Retail & Consumer,UAE,2026-02,FY25,453185.0,465713.0,256351.0,276051.0,75429.0,79920.0,11138.0,12334.0,6631.0,6653.0,9575.0,8964.0,5726.0,5858.0,5288.0,4754.0,9324.0,9460.0
Retail & Consumer,UAE,2026-03,FY25,510654.0,511092.0,302543.0,317168.0,77987.0,80011.0,15811.0,15715.0,5926.0,7698.0,13727.0,14353.0,7784.0,7875.0,5855.0,7304.0,13860.0,14028.0
Retail & Consumer,KSA,2023-04,FY23,237711.0,225510.0,140107.0,138332.0,37046.0,38417.0,6920.0,7885.0,3024.0,3753.0,5523.0,5305.0,2995.0,3097.0,2159.0,2961.0,5759.0,5717.0
Retail & Consumer,KSA,2023-05,FY23,216093.0,226610.0,128541.0,133095.0,33748.0,35581.0,4704.0,4421.0,2173.0,1970.0,5484.0,5607.0,2969.0,2911.0,2506.0,2972.0,6106.0,5936.0
Retail & Consumer,KSA,2023-06,FY23,231766.0,228537.0,131943.0,129599.0,36727.0,36953.0,5866.0,4995.0,3298.0,2945.0,4993.0,4685.0,3694.0,3541.0,2106.0,1879.0,4922.0,4918.0
Retail & Consumer,KSA,2023-07,FY23,231921.0,227642.0,128384.0,125962.0,34551.0,35142.0,5272.0,5765.0,2032.0,2071.0,6121.0,5810.0,3439.0,3416.0,1891.0,2500.0,5099.0,5004.0
Retail & Consumer,KSA,2023-08,FY23,222834.0,225690.0,130277.0,137600.0,32268.0,32006.0,6059.0,6359.0,2197.0,2220.0,5237.0,5572.0,3947.0,3878.0,2359.0,3135.0,5575.0,5717.0
Retail & Consumer,KSA,2023-09,FY23,240664.0,243917.0,131543.0,129758.0,33846.0,33410.0,6618.0,7149.0,2324.0,2647.0,5155.0,5649.0,4308.0,4280.0,1862.0,2032.0,6644.0,6543.0
Retail & Consumer,KSA,2023-10,FY23,230450.0,230140.0,127892.0,131940.0,38237.0,41272.0,5464.0,5990.0,2164.0,2496.0,6015.0,6293.0,3692.0,3574.0,2755.0,3181.0,6071.0,5972.0
Retail & Consumer,KSA,2023-11,FY23,216335.0,229022.0,129676.0,143340.0,33054.0,34304.0,4622.0,3999.0,2347.0,2237.0,5264.0,5062.0,3178.0,3171.0,1960.0,2325.0,4985.0,4916.0
Retail & Consumer,KSA,2023-12,FY23,237698.0,242025.0,134319.0,135795.0,33617.0,32760.0,4940.0,5303.0,2254.0,2335.0,6438.0,6040.0,3204.0,3348.0,1945.0,1911.0,4984.0,4839.0
Retail & Consumer,KSA,2024-01,FY23,242133.0,232053.0,135564.0,133880.0,36524.0,38557.0,6763.0,6502.0,3039.0,2750.0,5288.0,5709.0,3158.0,3235.0,1628.0,1875.0,7051.0,7116.0
Retail & Consumer,KSA,2024-02,FY23,237156.0,231471.0,141234.0,134085.0,37091.0,37377.0,7323.0,8399.0,2233.0,2591.0,4373.0,4174.0,3890.0,3794.0,2671.0,3505.0,6894.0,7091.0
Retail & Consumer,KSA,2024-03,FY23,249127.0,250677.0,145251.0,152558.0,35384.0,35953.0,8463.0,8473.0,2031.0,2233.0,6220.0,5867.0,3080.0,3100.0,2682.0,3262.0,6828.0,6786.0
Retail & Consumer,KSA,2024-04,FY24,252360.0,241624.0,150985.0,141729.0,41014.0,41517.0,7997.0,7759.0,2498.0,2228.0,4946.0,4744.0,4435.0,4603.0,2711.0,2910.0,6833.0,6843.0
Retail & Consumer,KSA,2024-05,FY24,233996.0,242121.0,136302.0,142876.0,33961.0,33113.0,5516.0,4753.0,2115.0,2626.0,6382.0,6182.0,4288.0,4349.0,1754.0,2270.0,5931.0,5754.0
Retail & Consumer,KSA,2024-06,FY24,246116.0,243049.0,138353.0,132780.0,39665.0,40872.0,7588.0,7379.0,3022.0,2908.0,4571.0,4877.0,4576.0,4448.0,2902.0,2629.0,7314.0,7330.0
Retail & Consumer,KSA,2024-07,FY24,258532.0,250180.0,151715.0,143141.0,41979.0,42483.0,7706.0,8561.0,3216.0,3459.0,6765.0,6492.0,3658.0,3688.0,2804.0,3510.0,5573.0,5483.0
Retail & Consumer,KSA,2024-08,FY24,250949.0,254968.0,149096.0,147579.0,36499.0,36147.0,8265.0,7494.0,2869.0,3342.0,6142.0,5674.0,3338.0,3230.0,2099.0,2445.0,5193.0,5060.0
Retail & Consumer,KSA,2024-09,FY24,282270.0,269060.0,168860.0,156925.0,43979.0,46175.0,9066.0,9347.0,3005.0,2435.0,7414.0,7840.0,4843.0,4622.0,2114.0,1797.0,6048.0,6094.0
Retail & Consumer,KSA,2024-10,FY24,266559.0,252432.0,159258.0,147111.0,43205.0,43517.0,8160.0,7431.0,3029.0,3276.0,5982.0,5679.0,3906.0,3771.0,1689.0,2053.0,7004.0,6846.0
Retail & Consumer,KSA,2024-11,FY24,245959.0,258269.0,137197.0,145504.0,40606.0,40021.0,8285.0,7102.0,2703.0,2362.0,6039.0,5801.0,4681.0,4627.0,2781.0,3598.0,5196.0,5093.0
Retail & Consumer,KSA,2024-12,FY24,258101.0,271055.0,154177.0,161336.0,40901.0,40206.0,8737.0,9838.0,3683.0,4060.0,5105.0,5184.0,4335.0,4413.0,1781.0,2138.0,5940.0,6053.0
Retail & Consumer,KSA,2025-01,FY24,245526.0,257778.0,146082.0,156745.0,41245.0,43686.0,7530.0,6573.0,1968.0,2493.0,4784.0,4966.0,3575.0,3536.0,2536.0,3224.0,6085.0,5927.0
Retail & Consumer,KSA,2025-02,FY24,275568.0,261165.0,153411.0,141351.0,46803.0,46335.0,7103.0,6718.0,3022.0,3465.0,6101.0,6484.0,4042.0,4164.0,2735.0,2592.0,6665.0,6664.0
Retail & Consumer,KSA,2025-03,FY24,279900.0,278813.0,164941.0,164086.0,44064.0,44787.0,8024.0,8490.0,3705.0,4266.0,5697.0,5244.0,5584.0,5314.0,2617.0,3597.0,8176.0,7960.0
Retail & Consumer,KSA,2025-04,FY25,276263.0,265166.0,163549.0,162535.0,41119.0,40537.0,9061.0,10344.0,3976.0,3663.0,7260.0,6752.0,3620.0,3787.0,2824.0,2899.0,5598.0,5754.0
Retail & Consumer,KSA,2025-05,FY25,272881.0,266442.0,158207.0,150128.0,45059.0,48022.0,5581.0,5355.0,2334.0,1957.0,6465.0,6895.0,3601.0,3487.0,2855.0,3566.0,7364.0,7275.0
Retail & Consumer,KSA,2025-06,FY25,262919.0,268153.0,154303.0,161333.0,39071.0,38569.0,8733.0,7507.0,3486.0,3666.0,4761.0,5094.0,4585.0,4757.0,2452.0,3182.0,7675.0,7676.0
Retail & Consumer,KSA,2025-07,FY25,270601.0,273102.0,148670.0,157870.0,42118.0,45385.0,5920.0,5408.0,3337.0,3035.0,5368.0,5659.0,4458.0,4610.0,2949.0,3188.0,6260.0,6313.0
Retail & Consumer,KSA,2025-08,FY25,268204.0,279443.0,157758.0,167815.0,39115.0,38408.0,5677.0,5853.0,3735.0,3040.0,5585.0,5683.0,3359.0,3392.0,2827.0,2786.0,6844.0,6901.0
Retail & Consumer,KSA,2025-09,FY25,284252.0,292350.0,170153.0,177410.0,44603.0,47142.0,5880.0,5553.0,4151.0,3338.0,6130.0,5951.0,4316.0,4184.0,2988.0,3691.0,8453.0,8556.0
Retail & Consumer,KSA,2025-10,FY25,272159.0,275221.0,159073.0,156749.0,44695.0,44093.0,7840.0,7563.0,3294.0,4038.0,5688.0,5388.0,4274.0,4439.0,1785.0,2197.0,7850.0,7995.0
Retail & Consumer,KSA,2025-11,FY25,288710.0,279688.0,158693.0,161617.0,44891.0,47143.0,8595.0,9704.0,3000.0,3578.0,6176.0,6082.0,5441.0,5403.0,3275.0,4141.0,6893.0,6773.0
Retail & Consumer,KSA,2025-12,FY25,284225.0,299500.0,156080.0,167880.0,44034.0,46611.0,6293.0,6992.0,3362.0,4318.0,7337.0,6865.0,3625.0,3557.0,3298.0,2958.0,6481.0,6428.0
Retail & Consumer,KSA,2026-01,FY25,271008.0,281859.0,158896.0,163257.0,41789.0,41712.0,8984.0,9389.0,2435.0,2099.0,6419.0,5951.0,5114.0,5063.0,3020.0,4078.0,5770.0,5724.0
Retail & Consumer,KSA,2026-02,FY25,304259.0,288604.0,171122.0,166389.0,47214.0,47163.0,10081.0,10633.0,3756.0,4214.0,7731.0,7453.0,5650.0,5372.0,3383.0,3296.0,6567.0,6527.0
Retail & Consumer,KSA,2026-03,FY25,298377.0,302434.0,169400.0,167068.0,45943.0,47812.0,9996.0,9891.0,2566.0,2992.0,8108.0,8806.0,5414.0,5251.0,2379.0,2356.0,8941.0,8934.0
Retail & Consumer,India,2023-04,FY23,229143.0,242584.0,125878.0,134111.0,36481.0,36671.0,4691.0,4833.0,2443.0,3098.0,4953.0,4940.0,3618.0,3457.0,2568.0,3522.0,6149.0,6064.0
Retail & Consumer,India,2023-05,FY23,233942.0,246247.0,127301.0,134059.0,34846.0,36531.0,7736.0,7794.0,2968.0,2759.0,6154.0,5764.0,4495.0,4424.0,2461.0,2212.0,5496.0,5469.0
Retail & Consumer,India,2023-06,FY23,254000.0,248372.0,139609.0,140200.0,38263.0,40031.0,6563.0,5598.0,3424.0,3761.0,4770.0,4962.0,4301.0,4225.0,3027.0,4127.0,6967.0,7066.0
Retail & Consumer,India,2023-07,FY23,238480.0,248920.0,135342.0,138124.0,39571.0,38878.0,8239.0,8008.0,2777.0,2227.0,5367.0,5742.0,3102.0,3086.0,2818.0,2419.0,5291.0,5443.0
Retail & Consumer,India,2023-08,FY23,251897.0,250512.0,138535.0,137492.0,37896.0,40729.0,8710.0,8911.0,2041.0,2463.0,4575.0,4947.0,4035.0,4183.0,2568.0,3054.0,6187.0,6154.0
Retail & Consumer,India,2023-09,FY23,270675.0,269303.0,154661.0,158793.0,38815.0,38401.0,7153.0,6460.0,3293.0,3528.0,5905.0,6331.0,4739.0,4709.0,2084.0,2443.0,7918.0,8088.0
Retail & Consumer,India,2023-10,FY23,268378.0,258874.0,146596.0,144635.0,42535.0,43183.0,7366.0,7922.0,3889.0,3305.0,6023.0,6171.0,3291.0,3222.0,2288.0,2136.0,6588.0,6541.0
Retail & Consumer,India,2023-11,FY23,257238.0,258181.0,140829.0,148673.0,43067.0,43731.0,8310.0,8818.0,3392.0,2726.0,5594.0,5372.0,3670.0,3809.0,1952.0,2544.0,7190.0,7153.0
Retail & Consumer,India,2023-12,FY23,289581.0,276312.0,163577.0,150770.0,41874.0,42342.0,9339.0,10236.0,3533.0,3418.0,7990.0,8779.0,4035.0,4226.0,2072.0,2459.0,8191.0,8339.0
Retail & Consumer,India,2024-01,FY23,249627.0,261262.0,144328.0,158598.0,36249.0,38767.0,6929.0,6799.0,2171.0,2606.0,5752.0,5946.0,4562.0,4718.0,2437.0,2330.0,6373.0,6545.0
Retail & Consumer,India,2024-02,FY23,247928.0,260650.0,140388.0,150575.0,39123.0,38069.0,7590.0,8548.0,2120.0,2101.0,6303.0,5947.0,3875.0,3926.0,2020.0,1907.0,7185.0,7097.0
Retail & Consumer,India,2024-03,FY23,273638.0,282267.0,160571.0,171083.0,44634.0,46532.0,6601.0,7462.0,3391.0,3795.0,6511.0,6111.0,4289.0,4330.0,1818.0,1763.0,7921.0,7727.0
Retail & Consumer,India,2024-04,FY24,261579.0,266003.0,154410.0,156899.0,40474.0,39358.0,5520.0,6280.0,2232.0,2553.0,5690.0,5556.0,5040.0,5196.0,1852.0,1493.0,5699.0,5722.0
Retail & Consumer,India,2024-05,FY24,254542.0,269707.0,152357.0,169441.0,39331.0,40808.0,7177.0,6441.0,3358.0,4242.0,5073.0,4694.0,3101.0,3105.0,1760.0,2323.0,5383.0,5292.0
Retail & Consumer,India,2024-06,FY24,261329.0,270423.0,152528.0,165136.0,38684.0,39573.0,8963.0,8556.0,3099.0,2935.0,6651.0,6712.0,4208.0,4166.0,1871.0,1691.0,7022.0,7185.0
Retail & Consumer,India,2024-07,FY24,267152.0,270633.0,153617.0,160578.0,39898.0,42186.0,9165.0,9132.0,3788.0,3833.0,6805.0,7260.0,4537.0,4586.0,2291.0,2612.0,6342.0,6392.0
Retail & Consumer,India,2024-08,FY24,257754.0,268474.0,139709.0,147015.0,40624.0,40717.0,8351.0,8715.0,3803.0,3712.0,4717.0,4492.0,3758.0,3867.0,2100.0,1772.0,6848.0,6795.0
Retail & Consumer,India,2024-09,FY24,280269.0,293575.0,156703.0,158431.0,42003.0,42893.0,8949.0,10020.0,3344.0,3320.0,6732.0,6832.0,3594.0,3514.0,2704.0,3596.0,8015.0,7811.0
Retail & Consumer,India,2024-10,FY24,278430.0,281069.0,162985.0,163375.0,41654.0,41308.0,8921.0,8917.0,4157.0,4201.0,5357.0,5093.0,4069.0,4021.0,2634.0,2558.0,7361.0,7518.0
Retail & Consumer,India,2024-11,FY24,303602.0,289311.0,169125.0,167553.0,46173.0,49338.0,10253.0,8835.0,3799.0,3171.0,5754.0,6125.0,5400.0,5278.0,3195.0,3323.0,7761.0,7674.0
Retail & Consumer,India,2024-12,FY24,310245.0,314268.0,180497.0,183695.0,51333.0,55254.0,6770.0,6514.0,3824.0,3115.0,5733.0,5285.0,3984.0,3913.0,3141.0,3334.0,6733.0,6608.0
Retail & Consumer,India,2025-01,FY24,296259.0,300995.0,176029.0,187716.0,49778.0,53038.0,7079.0,7684.0,2600.0,3311.0,5555.0,5440.0,5007.0,5163.0,2257.0,2036.0,6333.0,6318.0
Retail & Consumer,India,2025-02,FY24,312348.0,299348.0,182780.0,182474.0,52779.0,53595.0,8340.0,7395.0,3652.0,3977.0,7688.0,8424.0,4553.0,4658.0,2297.0,2201.0,7172.0,6992.0
Retail & Consumer,India,2025-03,FY24,338991.0,324473.0,196469.0,193494.0,49553.0,48492.0,11721.0,10175.0,2743.0,2491.0,8877.0,8467.0,4351.0,4224.0,3235.0,3612.0,9690.0,9841.0
Retail & Consumer,India,2025-04,FY25,301871.0,303546.0,165800.0,168306.0,50540.0,50240.0,7684.0,8779.0,4249.0,4490.0,7788.0,7428.0,4293.0,4149.0,2368.0,3130.0,7995.0,7826.0
Retail & Consumer,India,2025-05,FY25,320224.0,311077.0,177543.0,180157.0,46628.0,45376.0,9584.0,9448.0,3157.0,3989.0,6033.0,6019.0,4229.0,4230.0,2897.0,2410.0,7277.0,7101.0
Retail & Consumer,India,2025-06,FY25,324732.0,315936.0,183589.0,176942.0,49385.0,51131.0,9074.0,9057.0,3583.0,4087.0,7944.0,8680.0,4467.0,4267.0,2018.0,1937.0,6708.0,6547.0
Retail & Consumer,India,2025-07,FY25,320036.0,315485.0,186565.0,183784.0,45778.0,48100.0,10623.0,9884.0,3021.0,3604.0,6873.0,6679.0,5367.0,5493.0,2101.0,2315.0,8642.0,8630.0
Retail & Consumer,India,2025-08,FY25,331462.0,316039.0,183735.0,173844.0,47095.0,46653.0,11103.0,9910.0,2681.0,2781.0,7074.0,6734.0,4677.0,4479.0,3340.0,4382.0,8598.0,8840.0
Retail & Consumer,India,2025-09,FY25,342422.0,342903.0,189993.0,185277.0,56352.0,58178.0,11936.0,13137.0,3998.0,3533.0,6666.0,6245.0,4943.0,5060.0,2984.0,3703.0,10238.0,10089.0
Retail & Consumer,India,2025-10,FY25,317784.0,323045.0,171862.0,173942.0,51260.0,54748.0,10048.0,11124.0,4549.0,4994.0,6078.0,6342.0,5665.0,5393.0,3773.0,4957.0,8451.0,8269.0
Retail & Consumer,India,2025-11,FY25,316120.0,326124.0,184760.0,199955.0,47665.0,50138.0,7242.0,8230.0,3942.0,5057.0,8463.0,8820.0,6068.0,6037.0,3714.0,4145.0,7161.0,7238.0
Retail & Consumer,India,2025-12,FY25,353462.0,358145.0,199719.0,213001.0,52765.0,51421.0,9827.0,9365.0,4343.0,4416.0,7971.0,8722.0,6482.0,6345.0,4177.0,4592.0,9492.0,9473.0
Retail & Consumer,India,2026-01,FY25,351504.0,332863.0,202968.0,196603.0,52413.0,52503.0,11247.0,9613.0,2913.0,2743.0,8412.0,7820.0,5078.0,5043.0,3502.0,2803.0,7914.0,7843.0
Retail & Consumer,India,2026-02,FY25,347504.0,333151.0,201524.0,199346.0,50267.0,49235.0,8361.0,9605.0,3259.0,3561.0,6536.0,6271.0,5485.0,5405.0,3777.0,4465.0,8419.0,8655.0
Retail & Consumer,India,2026-03,FY25,344325.0,354480.0,192175.0,196261.0,54031.0,56445.0,8552.0,8753.0,4402.0,3961.0,6665.0,6797.0,4961.0,4755.0,3237.0,3810.0,8766.0,8701.0
Retail & Consumer,UK,2023-04,FY23,130913.0,131832.0,73154.0,77193.0,21126.0,21581.0,3458.0,3376.0,1423.0,1158.0,3088.0,3373.0,2012.0,2063.0,1269.0,1245.0,2936.0,2938.0
Retail & Consumer,UK,2023-05,FY23,131978.0,131296.0,75747.0,74655.0,21468.0,21751.0,3437.0,2928.0,1802.0,2230.0,2983.0,2774.0,1641.0,1695.0,1306.0,1306.0,2768.0,2733.0
Retail & Consumer,UK,2023-06,FY23,129958.0,132643.0,70652.0,74370.0,20823.0,21892.0,2703.0,2464.0,1171.0,1370.0,2983.0,2864.0,2262.0,2342.0,1014.0,1000.0,3885.0,3770.0
Retail & Consumer,UK,2023-07,FY23,137043.0,134023.0,74946.0,70615.0,21668.0,21306.0,2940.0,2679.0,1551.0,1887.0,3075.0,2860.0,1778.0,1761.0,1630.0,2106.0,3894.0,3905.0
Retail & Consumer,UK,2023-08,FY23,140227.0,137241.0,82953.0,82676.0,21451.0,22309.0,3193.0,3498.0,1767.0,1564.0,3564.0,3630.0,2217.0,2170.0,1403.0,1930.0,3496.0,3531.0
Retail & Consumer,UK,2023-09,FY23,151107.0,147606.0,82571.0,80783.0,23081.0,22460.0,4058.0,4136.0,1221.0,1162.0,3695.0,3993.0,2563.0,2446.0,1729.0,2382.0,3729.0,3779.0
Retail & Consumer,UK,2023-10,FY23,146424.0,138422.0,82212.0,80874.0,22710.0,22900.0,4480.0,4333.0,1236.0,1394.0,3151.0,3307.0,2155.0,2201.0,1570.0,1518.0,4045.0,3997.0
Retail & Consumer,UK,2023-11,FY23,146311.0,139352.0,84671.0,80481.0,22554.0,23512.0,4190.0,4727.0,1965.0,2088.0,2823.0,2762.0,2874.0,2830.0,1420.0,1480.0,2992.0,3055.0
Retail & Consumer,UK,2023-12,FY23,141290.0,148479.0,77197.0,85091.0,21800.0,22968.0,4906.0,5360.0,1855.0,1703.0,3815.0,3629.0,2704.0,2773.0,1204.0,1010.0,3690.0,3605.0
Retail & Consumer,UK,2024-01,FY23,135143.0,142444.0,79167.0,84915.0,22328.0,23926.0,3354.0,3554.0,1438.0,1861.0,3208.0,3067.0,1895.0,1883.0,1043.0,960.0,2922.0,2977.0
Retail & Consumer,UK,2024-02,FY23,140407.0,145790.0,80724.0,85489.0,22474.0,22303.0,4514.0,5047.0,1477.0,1483.0,3295.0,3074.0,1893.0,1937.0,1610.0,1908.0,3505.0,3575.0
Retail & Consumer,UK,2024-03,FY23,157431.0,157929.0,88339.0,90343.0,24679.0,24313.0,3307.0,3235.0,1674.0,1399.0,2957.0,3137.0,2265.0,2178.0,1162.0,1349.0,3670.0,3609.0
Retail & Consumer,UK,2024-04,FY24,159776.0,152070.0,88689.0,86717.0,22694.0,24189.0,5516.0,4812.0,1922.0,2358.0,4365.0,4409.0,2428.0,2320.0,1627.0,1410.0,3948.0,4047.0
Retail & Consumer,UK,2024-05,FY24,143698.0,152287.0,80512.0,84264.0,21560.0,22727.0,3174.0,3219.0,1888.0,2383.0,3540.0,3816.0,1995.0,1910.0,1680.0,2256.0,3884.0,3946.0
Retail & Consumer,UK,2024-06,FY24,159825.0,151102.0,95415.0,91704.0,25312.0,24777.0,4518.0,5123.0,1581.0,1298.0,2934.0,2967.0,2749.0,2730.0,1250.0,1637.0,4749.0,4613.0
Retail & Consumer,UK,2024-07,FY24,154975.0,150048.0,91231.0,89337.0,25696.0,26853.0,4815.0,4891.0,1296.0,1533.0,3867.0,3857.0,2389.0,2302.0,1337.0,1789.0,4622.0,4585.0
Retail & Consumer,UK,2024-08,FY24,148700.0,149841.0,80815.0,80176.0,23444.0,23326.0,4641.0,5182.0,2015.0,2184.0,4150.0,3829.0,2641.0,2724.0,961.0,842.0,3243.0,3154.0
Retail & Consumer,UK,2024-09,FY24,163885.0,160888.0,90900.0,88372.0,25924.0,26511.0,3579.0,3125.0,1598.0,1713.0,3761.0,3958.0,2435.0,2536.0,1200.0,1473.0,4821.0,4902.0
Retail & Consumer,UK,2024-10,FY24,153758.0,150974.0,87890.0,85298.0,24745.0,25373.0,3200.0,3584.0,1989.0,2210.0,3198.0,3059.0,2014.0,2110.0,1135.0,1413.0,3399.0,3373.0
Retail & Consumer,UK,2024-11,FY24,147927.0,154568.0,88560.0,94842.0,23594.0,24064.0,3212.0,3211.0,1218.0,1144.0,3231.0,3454.0,1875.0,1834.0,1429.0,1568.0,4235.0,4206.0
Retail & Consumer,UK,2024-12,FY24,158136.0,163925.0,87143.0,90588.0,22387.0,22467.0,4447.0,4244.0,1294.0,1429.0,4259.0,4626.0,3046.0,3141.0,1510.0,1894.0,3702.0,3775.0
Retail & Consumer,UK,2025-01,FY24,153356.0,154701.0,89522.0,92902.0,21733.0,21342.0,3960.0,4223.0,1955.0,2403.0,4199.0,4213.0,2543.0,2560.0,1398.0,1255.0,3652.0,3706.0
Retail & Consumer,UK,2025-02,FY24,152034.0,159061.0,82237.0,89216.0,25622.0,25094.0,3611.0,3657.0,1575.0,1571.0,3672.0,3617.0,2626.0,2700.0,1651.0,1923.0,3230.0,3243.0
Retail & Consumer,UK,2025-03,FY24,165770.0,170591.0,91294.0,94484.0,25396.0,25937.0,5717.0,5683.0,2306.0,2096.0,3081.0,3355.0,2356.0,2382.0,1307.0,1096.0,3613.0,3671.0
Retail & Consumer,UK,2025-04,FY25,167057.0,159972.0,91486.0,89448.0,24124.0,25040.0,3465.0,3064.0,1381.0,1577.0,4445.0,4553.0,2061.0,2106.0,1063.0,1306.0,3774.0,3719.0
Retail & Consumer,UK,2025-05,FY25,169875.0,162887.0,95334.0,94005.0,26843.0,27070.0,3595.0,3534.0,1967.0,1807.0,3611.0,3563.0,3157.0,3130.0,1673.0,2218.0,3641.0,3603.0
Retail & Consumer,UK,2025-06,FY25,163279.0,166578.0,92169.0,96130.0,25165.0,27105.0,4789.0,4301.0,1357.0,1717.0,4428.0,4094.0,2755.0,2840.0,1480.0,1877.0,4095.0,4115.0
Retail & Consumer,UK,2025-07,FY25,161635.0,167361.0,95339.0,95642.0,26151.0,26463.0,5652.0,4937.0,1381.0,1751.0,3272.0,3307.0,2682.0,2695.0,1375.0,1705.0,4603.0,4611.0
Retail & Consumer,UK,2025-08,FY25,165616.0,166168.0,94644.0,95300.0,24524.0,26044.0,4040.0,3730.0,1607.0,1902.0,3581.0,3588.0,2979.0,2864.0,1233.0,1529.0,4770.0,4730.0
Retail & Consumer,UK,2025-09,FY25,178556.0,178435.0,106219.0,108407.0,28240.0,28787.0,4693.0,4791.0,2462.0,2124.0,4174.0,4423.0,2725.0,2748.0,1219.0,1166.0,4083.0,4037.0
Retail & Consumer,UK,2025-10,FY25,164441.0,166014.0,98499.0,100903.0,26143.0,27581.0,5508.0,6130.0,1333.0,1147.0,3393.0,3460.0,3197.0,3275.0,1111.0,912.0,3998.0,4044.0
Retail & Consumer,UK,2025-11,FY25,163581.0,171130.0,96842.0,105749.0,27339.0,27585.0,4259.0,4332.0,2124.0,1826.0,4412.0,4772.0,2737.0,2769.0,1957.0,1619.0,4480.0,4441.0
Retail & Consumer,UK,2025-12,FY25,182464.0,184481.0,103454.0,108609.0,27129.0,27739.0,4018.0,3636.0,2438.0,3067.0,4993.0,4669.0,3497.0,3530.0,1500.0,1784.0,4342.0,4326.0
Retail & Consumer,UK,2026-01,FY25,176468.0,174622.0,105296.0,101548.0,26280.0,26478.0,5023.0,5622.0,2128.0,2600.0,3929.0,3843.0,2567.0,2484.0,1210.0,1559.0,4826.0,4968.0
Retail & Consumer,UK,2026-02,FY25,174902.0,174501.0,100483.0,102132.0,25008.0,25041.0,3809.0,3551.0,1937.0,2407.0,3653.0,3964.0,3482.0,3570.0,2020.0,2424.0,3745.0,3679.0
Retail & Consumer,UK,2026-03,FY25,196897.0,191054.0,106647.0,108283.0,33235.0,34211.0,6298.0,5366.0,2723.0,2213.0,3944.0,4297.0,3262.0,3338.0,1797.0,2334.0,4519.0,4413.0
Retail & Consumer,USA,2023-04,FY23,120436.0,121423.0,66936.0,70305.0,20449.0,21481.0,2619.0,2504.0,1030.0,1233.0,3044.0,2980.0,1934.0,1891.0,1178.0,1305.0,3345.0,3387.0
Retail & Consumer,USA,2023-05,FY23,127888.0,121686.0,72385.0,72114.0,20951.0,21054.0,4172.0,4374.0,1809.0,1479.0,3113.0,2868.0,1675.0,1654.0,1491.0,1795.0,2897.0,2836.0
Retail & Consumer,USA,2023-06,FY23,127890.0,124403.0,71229.0,68034.0,21265.0,22851.0,4202.0,4516.0,1026.0,855.0,3015.0,2887.0,1717.0,1703.0,969.0,996.0,3305.0,3332.0
Retail & Consumer,USA,2023-07,FY23,127889.0,125525.0,70442.0,68513.0,18794.0,18834.0,3488.0,3799.0,1374.0,1345.0,2917.0,2734.0,1650.0,1713.0,1347.0,1310.0,3797.0,3757.0
Retail & Consumer,USA,2023-08,FY23,121678.0,127559.0,69099.0,71922.0,17449.0,18263.0,3720.0,4025.0,1385.0,1665.0,2785.0,2769.0,1689.0,1654.0,1101.0,1469.0,3386.0,3297.0
Retail & Consumer,USA,2023-09,FY23,138605.0,142687.0,77488.0,79709.0,21242.0,21536.0,4669.0,4344.0,1815.0,1760.0,3629.0,3540.0,2118.0,2133.0,970.0,896.0,3639.0,3737.0
Retail & Consumer,USA,2023-10,FY23,129344.0,132043.0,74541.0,73587.0,20911.0,22129.0,2762.0,2932.0,1861.0,2202.0,3043.0,3158.0,2089.0,2060.0,930.0,832.0,3280.0,3351.0
Retail & Consumer,USA,2023-11,FY23,136642.0,131874.0,81253.0,77966.0,20014.0,21028.0,4660.0,4011.0,1112.0,1412.0,2600.0,2578.0,2170.0,2096.0,1067.0,1001.0,3788.0,3731.0
Retail & Consumer,USA,2023-12,FY23,138068.0,144599.0,81052.0,86731.0,19873.0,20896.0,3321.0,2907.0,1176.0,1365.0,3538.0,3519.0,1673.0,1728.0,1329.0,1184.0,3777.0,3843.0
Retail & Consumer,USA,2024-01,FY23,133248.0,131579.0,74450.0,73016.0,20703.0,20135.0,3213.0,2926.0,1312.0,1480.0,3027.0,2944.0,1698.0,1777.0,1248.0,1360.0,3874.0,3882.0
Retail & Consumer,USA,2024-02,FY23,123873.0,131491.0,70586.0,74885.0,18727.0,19291.0,2679.0,2457.0,1837.0,1835.0,2517.0,2483.0,2045.0,2074.0,990.0,1273.0,3686.0,3597.0
Retail & Consumer,USA,2024-03,FY23,149865.0,143579.0,85331.0,80675.0,21617.0,22434.0,4062.0,4334.0,1793.0,1643.0,3848.0,3715.0,2172.0,2137.0,1035.0,1028.0,3845.0,3823.0
Retail & Consumer,USA,2024-04,FY24,132614.0,129652.0,77619.0,78444.0,20737.0,20829.0,3949.0,3738.0,1719.0,1817.0,3526.0,3874.0,1678.0,1612.0,1352.0,1386.0,3656.0,3582.0
Retail & Consumer,USA,2024-05,FY24,126907.0,132203.0,71862.0,78641.0,17916.0,18214.0,2863.0,3123.0,1448.0,1701.0,2979.0,2955.0,1824.0,1812.0,985.0,1333.0,3397.0,3402.0
Retail & Consumer,USA,2024-06,FY24,132027.0,134093.0,76445.0,75909.0,20556.0,20402.0,3857.0,4105.0,1536.0,1422.0,2988.0,3252.0,2564.0,2620.0,1467.0,1293.0,3333.0,3399.0
Retail & Consumer,USA,2024-07,FY24,131400.0,132733.0,72141.0,70664.0,22247.0,22343.0,2998.0,3173.0,1546.0,1493.0,2445.0,2456.0,1741.0,1715.0,1229.0,1150.0,3454.0,3543.0
Retail & Consumer,USA,2024-08,FY24,137917.0,132805.0,81659.0,79857.0,20573.0,21369.0,3593.0,3329.0,1626.0,1837.0,2589.0,2453.0,2461.0,2407.0,1045.0,900.0,3857.0,3877.0
Retail & Consumer,USA,2024-09,FY24,145495.0,148522.0,85306.0,88508.0,21579.0,22848.0,4812.0,5055.0,1646.0,1455.0,3759.0,4128.0,1852.0,1908.0,1001.0,900.0,4182.0,4138.0
Retail & Consumer,USA,2024-10,FY24,131520.0,138989.0,75059.0,79597.0,21036.0,21162.0,3618.0,3203.0,1568.0,1550.0,2874.0,2890.0,1906.0,1910.0,1208.0,1607.0,3738.0,3840.0
Retail & Consumer,USA,2024-11,FY24,148549.0,142831.0,86557.0,86366.0,23295.0,23852.0,4729.0,4992.0,1769.0,1800.0,3191.0,2950.0,2217.0,2209.0,1488.0,1841.0,3289.0,3301.0
Retail & Consumer,USA,2024-12,FY24,169699.0,161199.0,95532.0,88965.0,27564.0,26769.0,4519.0,4554.0,1364.0,1303.0,3214.0,3170.0,2381.0,2481.0,1636.0,1342.0,3861.0,3856.0
Retail & Consumer,USA,2025-01,FY24,149211.0,145791.0,82839.0,82583.0,25237.0,26765.0,4916.0,5547.0,2235.0,2495.0,3417.0,3435.0,2835.0,2906.0,1618.0,1331.0,3027.0,3099.0
Retail & Consumer,USA,2025-02,FY24,149270.0,145156.0,88406.0,84022.0,22777.0,24213.0,3111.0,3239.0,1259.0,1069.0,3499.0,3838.0,2023.0,2046.0,911.0,1186.0,4252.0,4205.0
Retail & Consumer,USA,2025-03,FY24,169856.0,161970.0,97703.0,97575.0,26411.0,28351.0,4424.0,4872.0,2155.0,1794.0,4459.0,4505.0,3029.0,2903.0,1471.0,1420.0,3735.0,3736.0
Retail & Consumer,USA,2025-04,FY25,151621.0,147259.0,89498.0,84001.0,22472.0,22665.0,3809.0,3887.0,1952.0,2114.0,3431.0,3228.0,1929.0,1973.0,1079.0,1246.0,4497.0,4569.0
Retail & Consumer,USA,2025-05,FY25,145299.0,150397.0,81727.0,82197.0,23499.0,23432.0,4731.0,4933.0,2079.0,1862.0,3714.0,3506.0,1806.0,1843.0,1027.0,908.0,3364.0,3309.0
Retail & Consumer,USA,2025-06,FY25,156857.0,149955.0,86370.0,81781.0,25242.0,25219.0,4290.0,4391.0,1638.0,1836.0,3529.0,3648.0,2926.0,2790.0,1727.0,1781.0,3981.0,3912.0
Retail & Consumer,USA,2025-07,FY25,149822.0,152626.0,88193.0,92868.0,21907.0,22936.0,4129.0,4538.0,2032.0,1718.0,3856.0,3727.0,2358.0,2248.0,1003.0,1199.0,3276.0,3205.0
Retail & Consumer,USA,2025-08,FY25,152265.0,154635.0,85676.0,88466.0,21472.0,22484.0,4483.0,4980.0,1227.0,1240.0,3250.0,3369.0,1949.0,2030.0,1193.0,1289.0,3329.0,3233.0
Retail & Consumer,USA,2025-09,FY25,172325.0,173230.0,99011.0,99834.0,26190.0,27807.0,4099.0,3943.0,1786.0,2035.0,3619.0,3962.0,3278.0,3364.0,1965.0,2170.0,4172.0,4241.0
Retail & Consumer,USA,2025-10,FY25,160546.0,162481.0,86970.0,88930.0,26919.0,28737.0,5535.0,6270.0,1507.0,1938.0,4097.0,3865.0,2354.0,2462.0,1898.0,1871.0,4440.0,4520.0
Retail & Consumer,USA,2025-11,FY25,157201.0,163778.0,84896.0,86381.0,26172.0,26254.0,3334.0,3070.0,1481.0,1252.0,3214.0,3353.0,2950.0,2913.0,1393.0,1403.0,3884.0,3928.0
Retail & Consumer,USA,2025-12,FY25,191722.0,182672.0,111219.0,109909.0,30903.0,32570.0,4110.0,3652.0,2558.0,2217.0,4934.0,5337.0,3558.0,3640.0,1639.0,1699.0,3972.0,3969.0
Retail & Consumer,USA,2026-01,FY25,171663.0,169901.0,94981.0,95778.0,27987.0,28284.0,4308.0,4726.0,2107.0,2477.0,4660.0,4829.0,2250.0,2180.0,1248.0,1324.0,4016.0,4053.0
Retail & Consumer,USA,2026-02,FY25,166617.0,171030.0,93840.0,99928.0,23500.0,25273.0,4386.0,3943.0,2129.0,2591.0,3774.0,3528.0,2914.0,2798.0,1862.0,2387.0,3353.0,3317.0
Retail & Consumer,USA,2026-03,FY25,187179.0,189822.0,106183.0,108500.0,31595.0,32043.0,5909.0,5560.0,1836.0,2051.0,4499.0,4789.0,2920.0,2883.0,1655.0,1657.0,4745.0,4707.0
Retail & Consumer,Rest of GCC,2023-04,FY23,76343.0,77426.0,44316.0,43978.0,11460.0,12294.0,2203.0,2003.0,1045.0,1216.0,1722.0,1599.0,1088.0,1047.0,682.0,696.0,2206.0,2231.0
Retail & Consumer,Rest of GCC,2023-05,FY23,75937.0,77448.0,42355.0,44821.0,11868.0,11745.0,1925.0,1646.0,780.0,872.0,1819.0,1790.0,933.0,955.0,569.0,484.0,1591.0,1613.0
Retail & Consumer,Rest of GCC,2023-06,FY23,78010.0,78660.0,43411.0,46022.0,12534.0,12495.0,2526.0,2780.0,1024.0,1087.0,1762.0,1645.0,1169.0,1128.0,925.0,1094.0,2248.0,2232.0
Retail & Consumer,Rest of GCC,2023-07,FY23,76902.0,80996.0,45806.0,49659.0,11741.0,11418.0,2634.0,2442.0,967.0,1200.0,2028.0,2024.0,994.0,963.0,582.0,571.0,1933.0,1974.0
Retail & Consumer,Rest of GCC,2023-08,FY23,83895.0,80990.0,47187.0,45848.0,13660.0,13907.0,2618.0,2837.0,834.0,947.0,2017.0,2186.0,1462.0,1429.0,708.0,574.0,2025.0,1980.0
Retail & Consumer,Rest of GCC,2023-09,FY23,90656.0,89591.0,54262.0,53258.0,13294.0,12922.0,2255.0,1960.0,908.0,1050.0,2382.0,2444.0,1548.0,1521.0,756.0,1027.0,1825.0,1808.0
Retail & Consumer,Rest of GCC,2023-10,FY23,80848.0,81391.0,45899.0,47601.0,11830.0,12383.0,2433.0,2255.0,665.0,815.0,2238.0,2313.0,1333.0,1312.0,586.0,815.0,1915.0,1891.0
Retail & Consumer,Rest of GCC,2023-11,FY23,83329.0,81620.0,45145.0,45137.0,12083.0,12188.0,2206.0,2534.0,680.0,875.0,1964.0,1980.0,1156.0,1205.0,566.0,659.0,2375.0,2318.0
Retail & Consumer,Rest of GCC,2023-12,FY23,95433.0,90111.0,54802.0,50748.0,13816.0,14583.0,2960.0,2872.0,1036.0,1218.0,2117.0,2176.0,1389.0,1370.0,633.0,842.0,2825.0,2869.0
Retail & Consumer,Rest of GCC,2024-01,FY23,82119.0,81769.0,46277.0,47956.0,12716.0,12983.0,2660.0,2620.0,1188.0,1056.0,1715.0,1742.0,1205.0,1201.0,578.0,777.0,1957.0,1975.0
Retail & Consumer,Rest of GCC,2024-02,FY23,83271.0,84177.0,48146.0,49591.0,12004.0,12462.0,2913.0,3000.0,1093.0,1391.0,1770.0,1708.0,1379.0,1375.0,545.0,557.0,2284.0,2337.0
Retail & Consumer,Rest of GCC,2024-03,FY23,95163.0,94572.0,56318.0,58098.0,13784.0,13930.0,3152.0,2845.0,1386.0,1747.0,2020.0,1965.0,1823.0,1770.0,834.0,790.0,2477.0,2550.0
Retail & Consumer,Rest of GCC,2024-04,FY24,92436.0,87473.0,52690.0,48597.0,14616.0,14710.0,3125.0,2806.0,1039.0,1331.0,1670.0,1546.0,1610.0,1669.0,1107.0,1458.0,1914.0,1904.0
Retail & Consumer,Rest of GCC,2024-05,FY24,89792.0,87524.0,49139.0,49546.0,14314.0,14726.0,1828.0,1817.0,1175.0,1112.0,1974.0,2108.0,1630.0,1608.0,925.0,1024.0,2379.0,2369.0
Retail & Consumer,Rest of GCC,2024-06,FY24,83394.0,87094.0,46346.0,50254.0,13560.0,13320.0,1879.0,1830.0,866.0,1088.0,2165.0,2074.0,1066.0,1081.0,537.0,719.0,2078.0,2046.0
Retail & Consumer,Rest of GCC,2024-07,FY24,85004.0,87145.0,48170.0,51071.0,13685.0,14130.0,2458.0,2651.0,768.0,725.0,1718.0,1695.0,1267.0,1241.0,992.0,888.0,2239.0,2236.0
Retail & Consumer,Rest of GCC,2024-08,FY24,85668.0,87830.0,50084.0,52643.0,12370.0,12397.0,2207.0,2298.0,702.0,636.0,1802.0,1847.0,1206.0,1233.0,897.0,1254.0,2061.0,2076.0
Retail & Consumer,Rest of GCC,2024-09,FY24,94970.0,96779.0,52172.0,55356.0,14191.0,14350.0,3132.0,3118.0,872.0,927.0,1876.0,2029.0,1150.0,1201.0,765.0,754.0,2112.0,2084.0
Retail & Consumer,Rest of GCC,2024-10,FY24,92552.0,89447.0,53588.0,51595.0,14233.0,15235.0,3109.0,3426.0,1288.0,1535.0,2151.0,2067.0,1261.0,1282.0,777.0,668.0,2156.0,2100.0
Retail & Consumer,Rest of GCC,2024-11,FY24,90938.0,90560.0,53151.0,55070.0,15379.0,15012.0,2592.0,2396.0,891.0,1042.0,2264.0,2348.0,1270.0,1294.0,794.0,654.0,2373.0,2380.0
Retail & Consumer,Rest of GCC,2024-12,FY24,95767.0,99467.0,56487.0,56997.0,16002.0,16442.0,2003.0,1839.0,1159.0,1264.0,2168.0,2204.0,1748.0,1716.0,939.0,862.0,2027.0,1976.0
Retail & Consumer,Rest of GCC,2025-01,FY24,90278.0,89821.0,49915.0,50054.0,14181.0,14663.0,2972.0,2626.0,1282.0,1524.0,1801.0,1918.0,1527.0,1520.0,542.0,679.0,2348.0,2347.0
Retail & Consumer,Rest of GCC,2025-02,FY24,89648.0,89570.0,51176.0,53601.0,13357.0,14231.0,2128.0,1985.0,1069.0,1020.0,2008.0,2201.0,1754.0,1752.0,710.0,983.0,2215.0,2170.0
Retail & Consumer,Rest of GCC,2025-03,FY24,97475.0,98277.0,54418.0,57447.0,14943.0,15543.0,2737.0,2476.0,1311.0,1549.0,1962.0,1982.0,1419.0,1423.0,645.0,632.0,2544.0,2555.0
Retail & Consumer,Rest of GCC,2025-04,FY25,84939.0,88592.0,49773.0,53622.0,14063.0,14585.0,1899.0,2159.0,1263.0,1423.0,2199.0,2332.0,1202.0,1254.0,750.0,985.0,1957.0,1915.0
Retail & Consumer,Rest of GCC,2025-05,FY25,87350.0,88908.0,51075.0,52207.0,13343.0,13520.0,2294.0,2474.0,946.0,1215.0,1881.0,2003.0,1730.0,1776.0,534.0,653.0,1929.0,1954.0
Retail & Consumer,Rest of GCC,2025-06,FY25,87732.0,89085.0,49069.0,51567.0,13140.0,13555.0,2017.0,1845.0,1011.0,1242.0,1673.0,1612.0,1281.0,1278.0,906.0,980.0,2607.0,2536.0
Retail & Consumer,Rest of GCC,2025-07,FY25,92616.0,90575.0,55063.0,54244.0,13745.0,14250.0,2373.0,2089.0,1156.0,1084.0,2009.0,2182.0,1194.0,1150.0,972.0,967.0,2570.0,2557.0
Retail & Consumer,Rest of GCC,2025-08,FY25,86447.0,90232.0,48231.0,49441.0,12331.0,12294.0,2472.0,2667.0,849.0,905.0,1808.0,1670.0,1571.0,1503.0,926.0,1136.0,2000.0,2042.0
Retail & Consumer,Rest of GCC,2025-09,FY25,101722.0,102387.0,60329.0,59618.0,15670.0,15994.0,2543.0,2679.0,1315.0,1220.0,2592.0,2395.0,1318.0,1306.0,852.0,930.0,2083.0,2087.0
Retail & Consumer,Rest of GCC,2025-10,FY25,95276.0,95136.0,51542.0,51643.0,13430.0,13772.0,3046.0,3311.0,1090.0,1185.0,2319.0,2440.0,1574.0,1649.0,1018.0,1139.0,2666.0,2721.0
Retail & Consumer,Rest of GCC,2025-11,FY25,99322.0,94529.0,57269.0,57308.0,16146.0,17024.0,2628.0,2452.0,1108.0,1374.0,2522.0,2616.0,1250.0,1268.0,798.0,891.0,2674.0,2725.0
Retail & Consumer,Rest of GCC,2025-12,FY25,99222.0,105267.0,57001.0,58402.0,16356.0,15899.0,2320.0,2269.0,974.0,888.0,2455.0,2403.0,1554.0,1580.0,1054.0,1206.0,2336.0,2389.0
Retail & Consumer,Rest of GCC,2026-01,FY25,93566.0,97636.0,54865.0,56305.0,13609.0,13240.0,2716.0,2997.0,1259.0,1347.0,2577.0,2523.0,1359.0,1322.0,679.0,667.0,2268.0,2237.0
Retail & Consumer,Rest of GCC,2026-02,FY25,96957.0,100362.0,54424.0,55017.0,16189.0,16486.0,3152.0,3034.0,1077.0,1262.0,2463.0,2435.0,1510.0,1495.0,701.0,721.0,2729.0,2662.0
Retail & Consumer,Rest of GCC,2026-03,FY25,116093.0,110608.0,67737.0,62997.0,18888.0,18571.0,3174.0,3274.0,1538.0,1474.0,2311.0,2536.0,2136.0,2106.0,874.0,758.0,2852.0,2768.0
Technology & Telecom,UAE,2023-04,FY23,466587.0,474868.0,278433.0,293739.0,71399.0,75916.0,11436.0,13150.0,4009.0,4497.0,10217.0,10267.0,9150.0,8944.0,4612.0,4584.0,9988.0,9838.0
Technology & Telecom,UAE,2023-05,FY23,459582.0,481059.0,252469.0,271365.0,74851.0,73109.0,14723.0,16341.0,5803.0,5721.0,10179.0,9653.0,6149.0,6417.0,5419.0,6748.0,12916.0,12669.0
Technology & Telecom,UAE,2023-06,FY23,470317.0,493446.0,258553.0,273675.0,70163.0,72884.0,15819.0,14705.0,4820.0,5744.0,10025.0,10827.0,5773.0,5988.0,5400.0,4471.0,11180.0,11246.0
Technology & Telecom,UAE,2023-07,FY23,478622.0,499094.0,258885.0,282365.0,68330.0,73708.0,10379.0,10303.0,7124.0,8749.0,11184.0,10560.0,8053.0,8163.0,3766.0,4074.0,13894.0,13584.0
Technology & Telecom,UAE,2023-08,FY23,499267.0,507452.0,287985.0,300732.0,77054.0,81088.0,16366.0,14875.0,4761.0,4118.0,13691.0,13152.0,6319.0,6063.0,4205.0,5602.0,10511.0,10338.0
Technology & Telecom,UAE,2023-09,FY23,550016.0,539695.0,307854.0,317565.0,88030.0,90424.0,15762.0,17576.0,7326.0,6343.0,12221.0,12698.0,9149.0,9547.0,3413.0,4586.0,13118.0,12762.0
Technology & Telecom,UAE,2023-10,FY23,486098.0,505373.0,266662.0,267991.0,79644.0,78673.0,12074.0,12335.0,5535.0,5380.0,11806.0,12598.0,8078.0,8039.0,3543.0,4155.0,12375.0,12091.0
Technology & Telecom,UAE,2023-11,FY23,522442.0,506134.0,311079.0,299781.0,87131.0,86964.0,16773.0,16709.0,6187.0,7001.0,12894.0,12657.0,8439.0,8070.0,4280.0,5073.0,15489.0,15142.0
Technology & Telecom,UAE,2023-12,FY23,536466.0,539220.0,293269.0,298831.0,79864.0,85140.0,13200.0,12947.0,7988.0,6722.0,14307.0,14462.0,8144.0,8503.0,6433.0,5899.0,15236.0,14982.0
Technology & Telecom,UAE,2024-01,FY23,515263.0,501224.0,289184.0,286341.0,74483.0,79294.0,14363.0,15657.0,5430.0,4970.0,14155.0,14375.0,7727.0,7418.0,3604.0,4255.0,13491.0,13769.0
Technology & Telecom,UAE,2024-02,FY23,490178.0,511537.0,292407.0,310511.0,81246.0,81297.0,16855.0,19125.0,4939.0,6176.0,13588.0,14687.0,7717.0,7436.0,5700.0,4561.0,11036.0,11073.0
Technology & Telecom,UAE,2024-03,FY23,574599.0,546838.0,331421.0,330701.0,81465.0,82698.0,12731.0,13962.0,7672.0,9233.0,15807.0,15232.0,10510.0,10664.0,4796.0,4393.0,16286.0,15866.0
Technology & Telecom,UAE,2024-04,FY24,513755.0,527932.0,304944.0,306059.0,83326.0,89482.0,11445.0,11251.0,6528.0,7705.0,9303.0,8755.0,7444.0,7148.0,5020.0,5435.0,13668.0,13503.0
Technology & Telecom,UAE,2024-05,FY24,540749.0,525433.0,306746.0,289399.0,91587.0,98012.0,13584.0,12655.0,8066.0,7991.0,14552.0,13683.0,8507.0,8579.0,6087.0,7395.0,15111.0,15345.0
Technology & Telecom,UAE,2024-06,FY24,500053.0,525064.0,299960.0,320301.0,78994.0,79774.0,16522.0,17339.0,6929.0,8880.0,11110.0,11497.0,9462.0,9254.0,5173.0,4995.0,11260.0,11265.0
Technology & Telecom,UAE,2024-07,FY24,550174.0,528833.0,329546.0,308384.0,78694.0,83310.0,13007.0,12987.0,6678.0,7565.0,10475.0,11109.0,9721.0,9780.0,6065.0,6220.0,13859.0,14213.0
Technology & Telecom,UAE,2024-08,FY24,538326.0,531838.0,309764.0,316497.0,90774.0,93798.0,11715.0,12643.0,5666.0,6438.0,14555.0,14496.0,8156.0,8355.0,4352.0,5540.0,15354.0,15422.0
Technology & Telecom,UAE,2024-09,FY24,603666.0,573378.0,355432.0,344139.0,98596.0,102895.0,12305.0,12552.0,4931.0,6277.0,11462.0,12445.0,11117.0,11372.0,6699.0,6378.0,17014.0,16855.0
Technology & Telecom,UAE,2024-10,FY24,537077.0,553777.0,304394.0,304107.0,82574.0,89098.0,12862.0,13995.0,5084.0,6027.0,12607.0,12329.0,8169.0,8045.0,5850.0,7645.0,15342.0,15189.0
Technology & Telecom,UAE,2024-11,FY24,578338.0,562157.0,341320.0,326924.0,95345.0,93547.0,17830.0,18576.0,5894.0,6180.0,11487.0,11359.0,8165.0,8334.0,4687.0,6016.0,16747.0,17003.0
Technology & Telecom,UAE,2024-12,FY24,603523.0,616638.0,329939.0,342716.0,100948.0,105695.0,17144.0,18465.0,7102.0,7095.0,15062.0,14396.0,7679.0,7754.0,6797.0,7088.0,13660.0,13837.0
Technology & Telecom,UAE,2025-01,FY24,578002.0,585253.0,344070.0,339714.0,97499.0,103310.0,19254.0,18064.0,6931.0,5830.0,16181.0,16175.0,7125.0,7159.0,5783.0,5576.0,14418.0,14706.0
Technology & Telecom,UAE,2025-02,FY24,584367.0,602787.0,323476.0,341144.0,85598.0,83147.0,13823.0,11836.0,7179.0,8751.0,12941.0,13190.0,9668.0,9583.0,6479.0,7441.0,15353.0,15711.0
Technology & Telecom,UAE,2025-03,FY24,681318.0,661721.0,396803.0,404643.0,111806.0,111693.0,17410.0,19499.0,9919.0,9523.0,14697.0,16056.0,8909.0,9230.0,8120.0,7699.0,17294.0,16909.0
Technology & Telecom,UAE,2025-04,FY25,661090.0,639286.0,377117.0,367100.0,98770.0,104577.0,19212.0,20481.0,8609.0,9663.0,15563.0,17077.0,10394.0,10471.0,4178.0,4894.0,16508.0,16445.0
Technology & Telecom,UAE,2025-05,FY25,631723.0,657661.0,362355.0,382461.0,89532.0,90269.0,20855.0,18652.0,8070.0,6720.0,15912.0,16271.0,12368.0,12650.0,6495.0,7109.0,17083.0,17537.0
Technology & Telecom,UAE,2025-06,FY25,654291.0,677443.0,371066.0,388884.0,104844.0,105511.0,18679.0,20786.0,9568.0,8344.0,15308.0,15961.0,9497.0,9029.0,6319.0,7755.0,15430.0,15078.0
Technology & Telecom,UAE,2025-07,FY25,707107.0,697577.0,404314.0,410388.0,114535.0,114234.0,20522.0,22115.0,6545.0,5829.0,17320.0,17478.0,9161.0,8785.0,8257.0,9449.0,20853.0,20712.0
Technology & Telecom,UAE,2025-08,FY25,718797.0,702245.0,394124.0,383057.0,102699.0,103630.0,22002.0,24504.0,8265.0,7375.0,15824.0,15204.0,14293.0,14483.0,5778.0,7229.0,18141.0,17619.0
Technology & Telecom,UAE,2025-09,FY25,803555.0,759618.0,436771.0,411870.0,116560.0,125418.0,22449.0,19113.0,8593.0,6993.0,21737.0,22202.0,15167.0,15858.0,5730.0,6719.0,17532.0,17236.0
Technology & Telecom,UAE,2025-10,FY25,747505.0,715554.0,444584.0,432726.0,117522.0,125520.0,22870.0,25475.0,6909.0,6041.0,19577.0,18118.0,9202.0,9237.0,8782.0,11982.0,20984.0,20747.0
Technology & Telecom,UAE,2025-11,FY25,703996.0,716983.0,387779.0,399180.0,117572.0,120481.0,20453.0,23505.0,10166.0,12900.0,19209.0,19567.0,10638.0,10583.0,4716.0,5342.0,16462.0,16329.0
Technology & Telecom,UAE,2025-12,FY25,793357.0,764232.0,437378.0,421485.0,119598.0,128069.0,26829.0,29331.0,11399.0,13152.0,20937.0,19634.0,12820.0,13030.0,6286.0,7018.0,20430.0,20469.0
Technology & Telecom,UAE,2026-01,FY25,725333.0,721318.0,400424.0,395334.0,111293.0,110379.0,24780.0,24232.0,8012.0,6740.0,13229.0,12419.0,11961.0,12092.0,5683.0,7930.0,20097.0,20424.0
Technology & Telecom,UAE,2026-02,FY25,737067.0,734638.0,399857.0,418624.0,109980.0,113788.0,24695.0,25012.0,9203.0,10764.0,17205.0,15975.0,10631.0,10300.0,8686.0,7222.0,20825.0,21292.0
Technology & Telecom,UAE,2026-03,FY25,801147.0,798848.0,441190.0,438758.0,128965.0,138015.0,17208.0,19531.0,11414.0,13197.0,15005.0,14355.0,10939.0,11093.0,4882.0,6607.0,17674.0,17875.0
Technology & Telecom,KSA,2023-04,FY23,345791.0,333249.0,203975.0,206314.0,58650.0,62223.0,8844.0,9740.0,2875.0,2504.0,7075.0,7360.0,6589.0,6538.0,3258.0,4295.0,9081.0,8920.0
Technology & Telecom,KSA,2023-05,FY23,351868.0,342152.0,195764.0,195325.0,53652.0,54484.0,8505.0,9528.0,4827.0,5040.0,8445.0,8722.0,5336.0,5441.0,3059.0,3664.0,7822.0,7887.0
Technology & Telecom,KSA,2023-06,FY23,357170.0,340725.0,203341.0,190288.0,53512.0,57460.0,8518.0,8980.0,5184.0,5179.0,8344.0,8104.0,5915.0,5683.0,2399.0,3104.0,10301.0,10579.0
Technology & Telecom,KSA,2023-07,FY23,345278.0,345362.0,189084.0,199414.0,53197.0,52241.0,8090.0,8898.0,3208.0,3790.0,8999.0,8671.0,5843.0,5807.0,2367.0,2741.0,7047.0,7230.0
Technology & Telecom,KSA,2023-08,FY23,339849.0,353025.0,187809.0,193642.0,53378.0,57346.0,8537.0,9691.0,4912.0,4789.0,6799.0,7043.0,5142.0,4964.0,2634.0,2208.0,7422.0,7286.0
Technology & Telecom,KSA,2023-09,FY23,370817.0,373557.0,219628.0,215075.0,54649.0,56187.0,10514.0,9389.0,5469.0,4530.0,9214.0,9157.0,6035.0,6107.0,2603.0,3539.0,8790.0,8602.0
Technology & Telecom,KSA,2023-10,FY23,346209.0,357639.0,194872.0,204215.0,56921.0,60026.0,7545.0,6921.0,4292.0,4643.0,6488.0,6727.0,6677.0,6969.0,3417.0,3313.0,9057.0,9030.0
Technology & Telecom,KSA,2023-11,FY23,373320.0,365303.0,215315.0,209689.0,63330.0,64600.0,12615.0,11302.0,4388.0,4301.0,7259.0,7511.0,5001.0,5235.0,4478.0,5952.0,8841.0,8587.0
Technology & Telecom,KSA,2023-12,FY23,372204.0,388815.0,211261.0,226730.0,58155.0,57862.0,9690.0,10679.0,3897.0,4953.0,8267.0,8227.0,6650.0,6613.0,3101.0,3157.0,8658.0,8605.0
Technology & Telecom,KSA,2024-01,FY23,368153.0,381620.0,203595.0,207054.0,53691.0,57240.0,11004.0,11396.0,5266.0,5656.0,9439.0,9377.0,6315.0,6134.0,2521.0,2181.0,9764.0,9647.0
Technology & Telecom,KSA,2024-02,FY23,403994.0,391107.0,233273.0,219004.0,59191.0,61007.0,9030.0,8717.0,4695.0,4179.0,9062.0,9469.0,6095.0,6197.0,3086.0,3850.0,10356.0,10142.0
Technology & Telecom,KSA,2024-03,FY23,423496.0,409641.0,233714.0,226299.0,65243.0,69515.0,9299.0,10502.0,4325.0,5478.0,10216.0,10751.0,8050.0,8192.0,4541.0,3866.0,8507.0,8692.0
Technology & Telecom,KSA,2024-04,FY24,407932.0,391372.0,227951.0,228517.0,59595.0,58794.0,9462.0,10429.0,4300.0,5395.0,9723.0,10395.0,6446.0,6577.0,3157.0,2718.0,10451.0,10702.0
Technology & Telecom,KSA,2024-05,FY24,386348.0,390321.0,220967.0,227500.0,55923.0,57643.0,10448.0,11963.0,4957.0,6205.0,10726.0,11150.0,5089.0,5061.0,4070.0,3587.0,9199.0,9132.0
Technology & Telecom,KSA,2024-06,FY24,367124.0,389565.0,213405.0,234590.0,61650.0,63767.0,8344.0,9330.0,5431.0,6915.0,8689.0,9379.0,7307.0,7589.0,2354.0,2074.0,8444.0,8390.0
Technology & Telecom,KSA,2024-07,FY24,411458.0,388480.0,241714.0,233439.0,69474.0,69841.0,12620.0,14319.0,3531.0,3889.0,10695.0,9870.0,7871.0,7806.0,2886.0,3783.0,9019.0,8900.0
Technology & Telecom,KSA,2024-08,FY24,412854.0,393228.0,235069.0,233840.0,58444.0,58226.0,10156.0,10000.0,4554.0,3735.0,10528.0,11126.0,6467.0,6196.0,3843.0,3376.0,12296.0,12388.0
Technology & Telecom,KSA,2024-09,FY24,393285.0,417365.0,221357.0,245439.0,59544.0,57993.0,11829.0,12528.0,4070.0,4890.0,10436.0,11074.0,6001.0,5906.0,4585.0,5646.0,10038.0,10031.0
Technology & Telecom,KSA,2024-10,FY24,422178.0,402226.0,251249.0,233036.0,67543.0,67884.0,11666.0,10313.0,5773.0,6946.0,8051.0,7515.0,6327.0,6108.0,4563.0,5783.0,12090.0,11734.0
Technology & Telecom,KSA,2024-11,FY24,413587.0,398892.0,244930.0,240565.0,59841.0,62167.0,13677.0,13516.0,5837.0,6964.0,7882.0,7424.0,7293.0,7074.0,4333.0,3677.0,8651.0,8885.0
Technology & Telecom,KSA,2024-12,FY24,425501.0,411116.0,235721.0,220557.0,60584.0,60902.0,11888.0,11803.0,3992.0,5166.0,10235.0,9759.0,6087.0,6194.0,4761.0,3984.0,9297.0,9022.0
Technology & Telecom,KSA,2025-01,FY24,380431.0,394750.0,208717.0,219376.0,64362.0,67387.0,11620.0,10141.0,3542.0,3403.0,10622.0,10083.0,6499.0,6559.0,3656.0,4036.0,8694.0,8656.0
Technology & Telecom,KSA,2025-02,FY24,415856.0,404430.0,237800.0,236420.0,70298.0,70135.0,13022.0,11321.0,3510.0,3412.0,10533.0,10866.0,7711.0,7387.0,4403.0,5414.0,8367.0,8490.0
Technology & Telecom,KSA,2025-03,FY24,422683.0,418259.0,251488.0,248050.0,67812.0,70837.0,8871.0,8239.0,5866.0,6015.0,10745.0,10815.0,6762.0,6940.0,3331.0,4662.0,9258.0,9306.0
Technology & Telecom,KSA,2025-04,FY25,392391.0,399442.0,222838.0,228073.0,65805.0,69958.0,13571.0,13423.0,5609.0,5755.0,7621.0,8041.0,6026.0,5739.0,2683.0,2656.0,11732.0,11825.0
Technology & Telecom,KSA,2025-05,FY25,378899.0,402368.0,222597.0,241651.0,55010.0,56948.0,8623.0,7575.0,4069.0,3560.0,8098.0,7482.0,5736.0,5623.0,4445.0,5021.0,8441.0,8434.0
Technology & Telecom,KSA,2025-06,FY25,407287.0,410595.0,243085.0,240129.0,68861.0,67248.0,14019.0,12198.0,4180.0,4340.0,8510.0,8189.0,7961.0,8203.0,3461.0,2796.0,9400.0,9207.0
Technology & Telecom,KSA,2025-07,FY25,426661.0,417441.0,241379.0,230357.0,61389.0,61451.0,13172.0,14386.0,5994.0,5903.0,11820.0,11009.0,6646.0,6591.0,3096.0,3083.0,9529.0,9742.0
Technology & Telecom,KSA,2025-08,FY25,439936.0,419031.0,263236.0,258832.0,68916.0,71224.0,10983.0,9976.0,3911.0,3758.0,10702.0,11717.0,6085.0,6141.0,3265.0,4218.0,10948.0,10928.0
Technology & Telecom,KSA,2025-09,FY25,432715.0,432147.0,236148.0,243404.0,68675.0,67229.0,11841.0,12205.0,6160.0,7879.0,8940.0,8948.0,7884.0,8114.0,3313.0,2935.0,12323.0,11997.0
Technology & Telecom,KSA,2025-10,FY25,422779.0,416134.0,236601.0,241722.0,65309.0,64399.0,10185.0,9635.0,6298.0,6943.0,9877.0,10552.0,7258.0,7590.0,4053.0,3535.0,11556.0,11719.0
Technology & Telecom,KSA,2025-11,FY25,430649.0,415740.0,239849.0,239667.0,65756.0,69704.0,8683.0,8060.0,3879.0,3152.0,10558.0,11162.0,5439.0,5420.0,4935.0,4385.0,11308.0,11345.0
Technology & Telecom,KSA,2025-12,FY25,452406.0,438797.0,247224.0,237013.0,67082.0,70281.0,12124.0,10898.0,4026.0,5145.0,8704.0,9367.0,7429.0,7332.0,3570.0,4399.0,11537.0,11626.0
Technology & Telecom,KSA,2026-01,FY25,423981.0,429363.0,237258.0,249632.0,59797.0,59864.0,12077.0,12325.0,6013.0,4978.0,10673.0,10072.0,5304.0,5075.0,2929.0,3262.0,12466.0,12268.0
Technology & Telecom,KSA,2026-02,FY25,463543.0,438679.0,259718.0,246065.0,75338.0,77159.0,13061.0,13158.0,5791.0,5779.0,9062.0,9679.0,8582.0,8538.0,3102.0,4178.0,10480.0,10316.0
Technology & Telecom,KSA,2026-03,FY25,467160.0,463948.0,253737.0,262267.0,68563.0,66826.0,10878.0,10006.0,4236.0,5232.0,10747.0,10512.0,8431.0,8575.0,2857.0,3598.0,11643.0,11762.0
Technology & Telecom,India,2023-04,FY23,363830.0,359957.0,201027.0,202176.0,51014.0,53422.0,10451.0,10038.0,5199.0,4586.0,7323.0,7444.0,7030.0,7202.0,2797.0,3171.0,9135.0,8949.0
Technology & Telecom,India,2023-05,FY23,363704.0,359067.0,203699.0,199793.0,53759.0,52851.0,8831.0,7583.0,4446.0,5005.0,8408.0,8349.0,4902.0,4677.0,3938.0,4906.0,10454.0,10266.0
Technology & Telecom,India,2023-06,FY23,374311.0,363524.0,220834.0,219454.0,62360.0,66099.0,9513.0,8241.0,4635.0,5022.0,10048.0,9701.0,6022.0,5908.0,2732.0,2482.0,8736.0,8736.0
Technology & Telecom,India,2023-07,FY23,380007.0,370234.0,215644.0,209927.0,61795.0,66200.0,10337.0,10637.0,5155.0,5843.0,10404.0,9717.0,4886.0,4642.0,2351.0,1951.0,7643.0,7539.0
Technology & Telecom,India,2023-08,FY23,363889.0,366304.0,212411.0,224099.0,52006.0,52551.0,10803.0,12329.0,4801.0,4736.0,7569.0,7854.0,5233.0,4990.0,2446.0,2165.0,8940.0,9172.0
Technology & Telecom,India,2023-09,FY23,425815.0,405635.0,233014.0,226772.0,71781.0,75887.0,14139.0,15972.0,3927.0,3363.0,10751.0,10772.0,8129.0,8287.0,3253.0,2646.0,10915.0,10629.0
Technology & Telecom,India,2023-10,FY23,370397.0,383491.0,208849.0,215799.0,52269.0,53188.0,9995.0,9021.0,2998.0,3744.0,9099.0,9942.0,7042.0,7190.0,3820.0,3521.0,8398.0,8484.0
Technology & Telecom,India,2023-11,FY23,379576.0,394337.0,220678.0,237351.0,64481.0,62860.0,10798.0,11954.0,4522.0,5207.0,9838.0,10318.0,6810.0,6665.0,2479.0,2530.0,10707.0,10736.0
Technology & Telecom,India,2023-12,FY23,446776.0,426224.0,260726.0,251732.0,66847.0,69543.0,11663.0,11944.0,4738.0,6120.0,11470.0,10857.0,7766.0,8068.0,4492.0,4693.0,13231.0,12903.0
Technology & Telecom,India,2024-01,FY23,378724.0,395941.0,225524.0,240636.0,58143.0,59847.0,11439.0,12776.0,3940.0,4961.0,10539.0,9971.0,5580.0,5654.0,3965.0,5197.0,9747.0,10026.0
Technology & Telecom,India,2024-02,FY23,420164.0,404407.0,236880.0,236559.0,69924.0,75445.0,11832.0,11901.0,5054.0,4687.0,9876.0,10761.0,7528.0,7667.0,4507.0,4928.0,9771.0,9968.0
Technology & Telecom,India,2024-03,FY23,460027.0,437109.0,262854.0,258924.0,67427.0,68009.0,12016.0,12923.0,4023.0,4507.0,10367.0,11095.0,8815.0,8540.0,2762.0,3525.0,11521.0,11250.0
Technology & Telecom,India,2024-04,FY24,383514.0,404267.0,228960.0,238153.0,58365.0,61912.0,10788.0,9482.0,5255.0,4266.0,7023.0,6614.0,5172.0,5315.0,2465.0,2347.0,11318.0,11265.0
Technology & Telecom,India,2024-05,FY24,401088.0,405812.0,233381.0,234105.0,60818.0,60388.0,10600.0,10885.0,4552.0,5041.0,7388.0,7450.0,4914.0,4825.0,2481.0,3028.0,11476.0,11396.0
Technology & Telecom,India,2024-06,FY24,390544.0,410338.0,227029.0,243054.0,58789.0,63307.0,10683.0,9168.0,3230.0,3371.0,10568.0,10626.0,6385.0,6119.0,4040.0,4967.0,11413.0,11382.0
Technology & Telecom,India,2024-07,FY24,405410.0,418395.0,242857.0,242986.0,60525.0,63883.0,13305.0,12174.0,4409.0,3550.0,7818.0,8407.0,7397.0,7719.0,3514.0,3870.0,9986.0,10104.0
Technology & Telecom,India,2024-08,FY24,441958.0,420513.0,255992.0,236184.0,69639.0,72898.0,12095.0,13555.0,4443.0,3916.0,9238.0,9050.0,5691.0,5495.0,4872.0,4480.0,10988.0,10662.0
Technology & Telecom,India,2024-09,FY24,478875.0,461871.0,284607.0,283103.0,67673.0,67003.0,12020.0,12680.0,6665.0,6094.0,10749.0,11245.0,9239.0,8871.0,3273.0,4072.0,14111.0,14164.0
Technology & Telecom,India,2024-10,FY24,425344.0,432260.0,247523.0,243346.0,66250.0,69319.0,12557.0,11074.0,4813.0,4522.0,10027.0,9987.0,5326.0,5200.0,4973.0,5046.0,10214.0,10471.0
Technology & Telecom,India,2024-11,FY24,463484.0,443498.0,253647.0,237431.0,72819.0,75958.0,12371.0,14214.0,4919.0,4582.0,8652.0,9190.0,6250.0,6196.0,4337.0,4074.0,9953.0,9734.0
Technology & Telecom,India,2024-12,FY24,457196.0,485685.0,248532.0,273443.0,65554.0,68389.0,13160.0,11221.0,6475.0,5624.0,12439.0,13371.0,8417.0,8155.0,4046.0,4399.0,9597.0,9532.0
Technology & Telecom,India,2025-01,FY24,460384.0,458108.0,270813.0,263658.0,66207.0,67934.0,15155.0,13191.0,5338.0,6906.0,10893.0,10506.0,8299.0,8581.0,3761.0,3517.0,10416.0,10141.0
Technology & Telecom,India,2025-02,FY24,481751.0,461235.0,282710.0,262083.0,77152.0,82737.0,12459.0,12857.0,6778.0,7959.0,9285.0,9570.0,8827.0,9170.0,4758.0,5963.0,10393.0,10455.0
Technology & Telecom,India,2025-03,FY24,513097.0,496815.0,290395.0,272011.0,72855.0,71349.0,17124.0,15303.0,6408.0,6310.0,11254.0,11295.0,9469.0,9864.0,4013.0,4499.0,11940.0,11803.0
Technology & Telecom,India,2025-04,FY25,475131.0,474480.0,267577.0,278389.0,76331.0,79879.0,16084.0,16592.0,6000.0,6522.0,10782.0,10096.0,7563.0,7444.0,4325.0,5098.0,10698.0,10549.0
Technology & Telecom,India,2025-05,FY25,462620.0,474641.0,264069.0,268867.0,77338.0,82736.0,13180.0,12581.0,4693.0,5692.0,10722.0,10658.0,6528.0,6478.0,4605.0,5807.0,13372.0,13083.0
Technology & Telecom,India,2025-06,FY25,472446.0,484360.0,274598.0,280590.0,73835.0,74228.0,15104.0,15474.0,4353.0,5059.0,12643.0,13085.0,6447.0,6634.0,5189.0,4721.0,12508.0,12506.0
Technology & Telecom,India,2025-07,FY25,483114.0,484023.0,268729.0,273305.0,75425.0,74376.0,14054.0,13011.0,7133.0,8606.0,13449.0,12381.0,6528.0,6811.0,5588.0,5995.0,14449.0,14521.0
Technology & Telecom,India,2025-08,FY25,488222.0,484302.0,269475.0,258860.0,74616.0,80435.0,14124.0,14024.0,5228.0,4495.0,9672.0,9527.0,8988.0,8588.0,5411.0,5229.0,12442.0,12269.0
Technology & Telecom,India,2025-09,FY25,559290.0,532105.0,325061.0,304070.0,93256.0,96270.0,11268.0,10719.0,6919.0,6494.0,12471.0,11991.0,9478.0,9545.0,4251.0,4810.0,15888.0,15556.0
Technology & Telecom,India,2025-10,FY25,489296.0,500300.0,270675.0,286911.0,80613.0,79996.0,14309.0,16260.0,4227.0,4947.0,13596.0,13168.0,7775.0,7461.0,5418.0,5053.0,12034.0,11793.0
Technology & Telecom,India,2025-11,FY25,481767.0,498496.0,263258.0,268381.0,71906.0,74334.0,13969.0,13494.0,4574.0,3889.0,9067.0,9504.0,7487.0,7666.0,4002.0,4678.0,11467.0,11495.0
Technology & Telecom,India,2025-12,FY25,561192.0,536606.0,319594.0,316045.0,87388.0,87862.0,15425.0,15960.0,7782.0,8586.0,12194.0,12763.0,9432.0,9620.0,4639.0,5905.0,12386.0,12248.0
Technology & Telecom,India,2026-01,FY25,486419.0,501539.0,271150.0,275338.0,76861.0,78526.0,9906.0,11200.0,4722.0,5425.0,10955.0,11656.0,7350.0,7236.0,4030.0,4411.0,13251.0,13576.0
Technology & Telecom,India,2026-02,FY25,483382.0,498028.0,267655.0,274933.0,82133.0,83992.0,10890.0,12045.0,6050.0,6652.0,12617.0,13529.0,9587.0,9457.0,5107.0,4361.0,14095.0,13750.0
Technology & Telecom,India,2026-03,FY25,515829.0,545269.0,281001.0,311543.0,79228.0,79406.0,16959.0,15832.0,7434.0,6799.0,10892.0,11041.0,7147.0,6856.0,3256.0,3884.0,14362.0,14753.0
Technology & Telecom,UK,2023-04,FY23,212649.0,201938.0,126249.0,118236.0,34924.0,34627.0,6526.0,5679.0,1852.0,2238.0,4208.0,3965.0,3339.0,3426.0,2199.0,1961.0,6235.0,6140.0
Technology & Telecom,UK,2023-05,FY23,208794.0,200253.0,122349.0,118478.0,29361.0,30110.0,4354.0,3877.0,1741.0,1529.0,4035.0,4338.0,3899.0,3928.0,1603.0,1519.0,4542.0,4436.0
Technology & Telecom,UK,2023-06,FY23,203894.0,200522.0,119333.0,114022.0,30854.0,29930.0,5487.0,5979.0,2598.0,2592.0,4774.0,4739.0,3303.0,3456.0,2377.0,2406.0,5312.0,5382.0
Technology & Telecom,UK,2023-07,FY23,211043.0,204857.0,120592.0,117136.0,32732.0,33549.0,6769.0,6174.0,2574.0,2532.0,4429.0,4557.0,3229.0,3189.0,1739.0,1719.0,4640.0,4505.0
Technology & Telecom,UK,2023-08,FY23,210120.0,206686.0,115320.0,118243.0,34400.0,36203.0,6248.0,5877.0,2041.0,1650.0,4259.0,4255.0,3340.0,3329.0,1847.0,2455.0,5176.0,5150.0
Technology & Telecom,UK,2023-09,FY23,227388.0,215794.0,135028.0,133784.0,33850.0,33032.0,6134.0,5925.0,2859.0,2907.0,5453.0,5365.0,3661.0,3653.0,2639.0,3487.0,5638.0,5588.0
Technology & Telecom,UK,2023-10,FY23,215526.0,205138.0,118530.0,118890.0,31117.0,32618.0,5182.0,4443.0,2054.0,2178.0,3931.0,3902.0,3963.0,3947.0,2097.0,2036.0,4420.0,4425.0
Technology & Telecom,UK,2023-11,FY23,202866.0,204377.0,115482.0,120058.0,28621.0,30216.0,6275.0,6400.0,1718.0,2206.0,5544.0,5478.0,3507.0,3486.0,2097.0,2014.0,4346.0,4454.0
Technology & Telecom,UK,2023-12,FY23,210770.0,213748.0,118803.0,116655.0,31423.0,33776.0,4830.0,4930.0,2302.0,2792.0,4113.0,4189.0,2959.0,3082.0,1265.0,1062.0,6026.0,5941.0
Technology & Telecom,UK,2024-01,FY23,194869.0,205573.0,110705.0,122760.0,32688.0,33482.0,4131.0,4081.0,2786.0,3088.0,5416.0,5812.0,3828.0,3735.0,1822.0,2430.0,5484.0,5428.0
Technology & Telecom,UK,2024-02,FY23,209986.0,209315.0,121806.0,125973.0,33113.0,34606.0,6739.0,7302.0,2040.0,2463.0,4691.0,4546.0,4099.0,4017.0,2486.0,3467.0,4307.0,4331.0
Technology & Telecom,UK,2024-03,FY23,218669.0,225219.0,128893.0,134500.0,36154.0,35940.0,7510.0,7430.0,1984.0,1685.0,5122.0,5047.0,3923.0,3891.0,1747.0,1483.0,4729.0,4724.0
Technology & Telecom,UK,2024-04,FY24,208996.0,220470.0,116795.0,128601.0,31991.0,33899.0,4663.0,4625.0,1717.0,2179.0,4009.0,3858.0,3978.0,3975.0,2456.0,2832.0,5027.0,5132.0
Technology & Telecom,UK,2024-05,FY24,224041.0,221107.0,123199.0,118923.0,33565.0,33949.0,4759.0,4162.0,3041.0,2446.0,5243.0,5288.0,2854.0,2988.0,2431.0,2890.0,6703.0,6503.0
Technology & Telecom,UK,2024-06,FY24,211063.0,220773.0,126431.0,131881.0,33890.0,35955.0,5352.0,5468.0,1748.0,2179.0,4496.0,4168.0,3517.0,3689.0,2044.0,2643.0,4627.0,4535.0
Technology & Telecom,UK,2024-07,FY24,235511.0,222344.0,128696.0,123650.0,37320.0,38360.0,7649.0,7154.0,1991.0,2196.0,4851.0,5025.0,4145.0,3978.0,2270.0,2754.0,4786.0,4887.0
Technology & Telecom,UK,2024-08,FY24,231687.0,226392.0,136375.0,132791.0,35973.0,36056.0,7086.0,6876.0,3162.0,2901.0,6452.0,6295.0,3386.0,3298.0,1597.0,1426.0,4818.0,4843.0
Technology & Telecom,UK,2024-09,FY24,225851.0,237009.0,128043.0,131398.0,32117.0,33875.0,6847.0,7010.0,2943.0,2995.0,4342.0,4498.0,4413.0,4436.0,2151.0,2931.0,4991.0,4983.0
Technology & Telecom,UK,2024-10,FY24,214623.0,223849.0,118362.0,119713.0,30249.0,32180.0,5104.0,4624.0,2465.0,2783.0,4716.0,4941.0,3131.0,3016.0,1709.0,2358.0,5199.0,5141.0
Technology & Telecom,UK,2024-11,FY24,232032.0,230193.0,135041.0,129452.0,37936.0,40780.0,6088.0,6064.0,3462.0,3026.0,6228.0,5999.0,3905.0,4083.0,2655.0,3272.0,5610.0,5701.0
Technology & Telecom,UK,2024-12,FY24,252258.0,246018.0,148331.0,144330.0,35337.0,36154.0,8164.0,8167.0,2391.0,2310.0,6202.0,6528.0,4046.0,4058.0,2860.0,3993.0,6590.0,6634.0
Technology & Telecom,UK,2025-01,FY24,248903.0,236156.0,146359.0,139513.0,40216.0,41430.0,6990.0,7526.0,2069.0,1999.0,5494.0,5675.0,4564.0,4552.0,2805.0,3808.0,7253.0,7300.0
Technology & Telecom,UK,2025-02,FY24,231068.0,236309.0,132969.0,136567.0,34431.0,35868.0,4756.0,4370.0,3311.0,3070.0,4772.0,4846.0,2848.0,2977.0,2009.0,2086.0,5615.0,5770.0
Technology & Telecom,UK,2025-03,FY24,247364.0,254271.0,145664.0,151595.0,37724.0,38674.0,8482.0,9232.0,3087.0,2942.0,5937.0,5517.0,4925.0,4784.0,2466.0,2398.0,5234.0,5151.0
Technology & Telecom,UK,2025-04,FY25,251323.0,249504.0,140669.0,141461.0,36695.0,38359.0,5327.0,5562.0,3676.0,2979.0,4850.0,5116.0,3535.0,3591.0,2521.0,2645.0,7303.0,7173.0
Technology & Telecom,UK,2025-05,FY25,236966.0,248989.0,141209.0,147247.0,37031.0,38155.0,4983.0,5705.0,3344.0,4101.0,4273.0,4115.0,4320.0,4447.0,2764.0,3812.0,5008.0,4993.0
Technology & Telecom,UK,2025-06,FY25,255964.0,248046.0,150193.0,146356.0,36773.0,38372.0,6188.0,5414.0,3461.0,3380.0,5600.0,5343.0,5007.0,5120.0,2935.0,3440.0,7601.0,7723.0
Technology & Telecom,UK,2025-07,FY25,245478.0,255846.0,137597.0,144970.0,39445.0,39104.0,8559.0,9220.0,2568.0,2491.0,5374.0,5676.0,3149.0,3153.0,2669.0,2475.0,5376.0,5420.0
Technology & Telecom,UK,2025-08,FY25,269405.0,261627.0,146560.0,150086.0,39549.0,41221.0,9077.0,9062.0,3609.0,3586.0,6580.0,6289.0,3323.0,3307.0,1622.0,1643.0,8049.0,8259.0
Technology & Telecom,UK,2025-09,FY25,276968.0,279804.0,163481.0,173123.0,45938.0,44991.0,9042.0,9299.0,3304.0,2836.0,5361.0,5409.0,5531.0,5656.0,2228.0,2618.0,5629.0,5742.0
Technology & Telecom,UK,2025-10,FY25,261289.0,267318.0,153985.0,156114.0,43311.0,42273.0,6402.0,7293.0,2341.0,2175.0,5695.0,5396.0,3846.0,3812.0,1684.0,1884.0,5422.0,5360.0
Technology & Telecom,UK,2025-11,FY25,252874.0,268236.0,151440.0,159671.0,40802.0,43480.0,8590.0,8855.0,3530.0,3464.0,4792.0,4637.0,3710.0,3854.0,1794.0,1664.0,7081.0,6967.0
Technology & Telecom,UK,2025-12,FY25,294207.0,282626.0,168584.0,163945.0,48773.0,51664.0,8307.0,8500.0,3776.0,3582.0,6921.0,6738.0,5638.0,5780.0,1837.0,2482.0,7120.0,7187.0
Technology & Telecom,UK,2026-01,FY25,255006.0,269492.0,138755.0,154035.0,40201.0,39467.0,6925.0,6861.0,2685.0,2876.0,5264.0,5403.0,4205.0,4329.0,1656.0,1492.0,6754.0,6782.0
Technology & Telecom,UK,2026-02,FY25,280941.0,276598.0,151992.0,147131.0,45300.0,44785.0,9653.0,10707.0,3250.0,4208.0,5072.0,5144.0,3986.0,4103.0,2994.0,2732.0,7157.0,6968.0
Technology & Telecom,UK,2026-03,FY25,296487.0,290666.0,163527.0,162173.0,44570.0,45216.0,8557.0,9611.0,2969.0,2745.0,7875.0,7422.0,4555.0,4623.0,2664.0,3694.0,7132.0,7000.0
Technology & Telecom,USA,2023-04,FY23,184629.0,181561.0,101029.0,101810.0,26582.0,25902.0,6457.0,6931.0,2422.0,2766.0,3569.0,3424.0,3633.0,3660.0,1830.0,2252.0,5225.0,5073.0
Technology & Telecom,USA,2023-05,FY23,173447.0,179783.0,95164.0,101556.0,28370.0,30230.0,4315.0,4200.0,2188.0,2495.0,3891.0,3721.0,2963.0,2876.0,1408.0,1861.0,4957.0,5005.0
Technology & Telecom,USA,2023-06,FY23,190537.0,180793.0,107891.0,101037.0,29152.0,28786.0,6044.0,6649.0,2522.0,2679.0,3818.0,3588.0,2724.0,2665.0,1346.0,1698.0,4712.0,4786.0
Technology & Telecom,USA,2023-07,FY23,177742.0,178719.0,99214.0,98190.0,25955.0,27643.0,5793.0,6599.0,1757.0,1828.0,3978.0,3755.0,3243.0,3290.0,1477.0,2056.0,4536.0,4575.0
Technology & Telecom,USA,2023-08,FY23,172299.0,177240.0,96875.0,98367.0,24633.0,26230.0,4781.0,4509.0,1865.0,1551.0,4751.0,4463.0,3306.0,3224.0,1286.0,1768.0,5051.0,5159.0
Technology & Telecom,USA,2023-09,FY23,196941.0,187397.0,117241.0,113691.0,33347.0,32359.0,6771.0,6420.0,2526.0,2720.0,4663.0,4291.0,2668.0,2564.0,1544.0,1943.0,4433.0,4514.0
Technology & Telecom,USA,2023-10,FY23,183327.0,180536.0,106365.0,109806.0,28774.0,29040.0,4711.0,4887.0,2609.0,2511.0,4872.0,4795.0,3313.0,3324.0,1642.0,1738.0,4698.0,4751.0
Technology & Telecom,USA,2023-11,FY23,187233.0,178741.0,103704.0,103170.0,27364.0,27784.0,6542.0,5703.0,2390.0,3078.0,4196.0,3963.0,3352.0,3258.0,1232.0,1175.0,5464.0,5434.0
Technology & Telecom,USA,2023-12,FY23,195423.0,192126.0,115962.0,118742.0,27907.0,29905.0,5702.0,5007.0,1906.0,2095.0,4976.0,5418.0,2722.0,2715.0,1497.0,1348.0,5388.0,5462.0
Technology & Telecom,USA,2024-01,FY23,187366.0,187601.0,112333.0,116185.0,31220.0,30627.0,5163.0,4744.0,2254.0,1803.0,4677.0,5090.0,3378.0,3397.0,1309.0,1628.0,5585.0,5609.0
Technology & Telecom,USA,2024-02,FY23,182984.0,189994.0,107840.0,110396.0,25866.0,25600.0,5930.0,5392.0,1842.0,1530.0,4116.0,4245.0,2242.0,2293.0,1893.0,1931.0,5044.0,5123.0
Technology & Telecom,USA,2024-03,FY23,201306.0,202967.0,117014.0,122380.0,29143.0,29481.0,4544.0,3910.0,1857.0,2268.0,4470.0,4181.0,2669.0,2555.0,1709.0,1813.0,5435.0,5326.0
Technology & Telecom,USA,2024-04,FY24,201570.0,196530.0,119537.0,117834.0,33668.0,34849.0,6940.0,7118.0,2078.0,2133.0,5299.0,5442.0,3484.0,3385.0,1753.0,1583.0,5718.0,5699.0
Technology & Telecom,USA,2024-05,FY24,198759.0,196256.0,118375.0,120793.0,32809.0,32533.0,4856.0,5253.0,2237.0,1891.0,4733.0,5033.0,2587.0,2472.0,2071.0,2320.0,5679.0,5699.0
Technology & Telecom,USA,2024-06,FY24,200137.0,196606.0,116629.0,118668.0,28336.0,28046.0,6632.0,7227.0,1938.0,1600.0,5320.0,5415.0,2520.0,2530.0,1301.0,1451.0,4190.0,4130.0
Technology & Telecom,USA,2024-07,FY24,205980.0,198177.0,111773.0,108436.0,34015.0,33517.0,6561.0,6952.0,1777.0,1553.0,4619.0,4600.0,3516.0,3368.0,2175.0,2341.0,5523.0,5686.0
Technology & Telecom,USA,2024-08,FY24,186978.0,198076.0,101097.0,103407.0,29906.0,29088.0,6010.0,5163.0,1918.0,2261.0,4876.0,5000.0,2367.0,2294.0,2191.0,1882.0,5205.0,5217.0
Technology & Telecom,USA,2024-09,FY24,214899.0,207733.0,125696.0,123633.0,34723.0,37457.0,5306.0,5580.0,2915.0,3067.0,4491.0,4368.0,2853.0,2866.0,1480.0,1777.0,5458.0,5388.0
Technology & Telecom,USA,2024-10,FY24,206036.0,199617.0,113121.0,113832.0,30631.0,31807.0,4252.0,4098.0,1707.0,1737.0,3763.0,3868.0,2477.0,2418.0,1540.0,1551.0,4824.0,4784.0
Technology & Telecom,USA,2024-11,FY24,201671.0,200947.0,113805.0,115034.0,29661.0,29258.0,4848.0,4452.0,2067.0,2337.0,4369.0,4666.0,3687.0,3641.0,1261.0,1549.0,5294.0,5152.0
Technology & Telecom,USA,2024-12,FY24,207101.0,209357.0,122472.0,125462.0,32834.0,34690.0,4195.0,4352.0,2579.0,3274.0,5643.0,5379.0,2592.0,2532.0,1301.0,1136.0,4953.0,5053.0
Technology & Telecom,USA,2025-01,FY24,199304.0,197978.0,113954.0,109285.0,31643.0,31594.0,6548.0,5914.0,2918.0,3062.0,5443.0,5513.0,2994.0,3073.0,1828.0,1533.0,4520.0,4426.0
Technology & Telecom,USA,2025-02,FY24,200327.0,195709.0,115618.0,111926.0,29073.0,30028.0,6018.0,6434.0,2174.0,1912.0,4092.0,4074.0,3553.0,3506.0,2074.0,2317.0,4435.0,4384.0
Technology & Telecom,USA,2025-03,FY24,198147.0,208607.0,117384.0,127982.0,29474.0,31774.0,5122.0,4899.0,2626.0,3096.0,5283.0,4901.0,3017.0,2935.0,1992.0,2000.0,5317.0,5251.0
Technology & Telecom,USA,2025-04,FY25,214028.0,203958.0,115874.0,107206.0,32386.0,32879.0,5179.0,4854.0,2575.0,3109.0,4934.0,5355.0,3890.0,3980.0,1757.0,1992.0,5353.0,5250.0
Technology & Telecom,USA,2025-05,FY25,204917.0,209145.0,122612.0,125828.0,33802.0,33017.0,6214.0,5352.0,2625.0,2175.0,5436.0,5235.0,3961.0,3846.0,2170.0,2198.0,5796.0,5712.0
Technology & Telecom,USA,2025-06,FY25,214083.0,208848.0,120675.0,115864.0,30880.0,30301.0,4585.0,4722.0,2501.0,2903.0,5539.0,5639.0,3608.0,3499.0,2047.0,2412.0,4706.0,4626.0
Technology & Telecom,USA,2025-07,FY25,204863.0,209308.0,113400.0,120909.0,33934.0,35616.0,7036.0,7919.0,2516.0,2648.0,5241.0,5131.0,3096.0,3084.0,1845.0,1927.0,5229.0,5343.0
Technology & Telecom,USA,2025-08,FY25,201311.0,213869.0,110940.0,122356.0,34206.0,33290.0,4349.0,4713.0,1768.0,1527.0,4826.0,5243.0,2809.0,2775.0,1778.0,2172.0,4557.0,4498.0
Technology & Telecom,USA,2025-09,FY25,219287.0,229773.0,127951.0,134248.0,30720.0,31897.0,5089.0,4887.0,2970.0,2575.0,4074.0,3976.0,2756.0,2652.0,2008.0,2536.0,5015.0,5027.0
Technology & Telecom,USA,2025-10,FY25,215484.0,218181.0,122533.0,128845.0,33960.0,35767.0,5626.0,5070.0,2814.0,3576.0,5186.0,5243.0,2713.0,2700.0,1726.0,1814.0,4508.0,4625.0
Technology & Telecom,USA,2025-11,FY25,230695.0,221211.0,128644.0,124679.0,35116.0,36949.0,7485.0,7778.0,3102.0,3005.0,5288.0,5241.0,3572.0,3676.0,1448.0,1761.0,4883.0,4774.0
Technology & Telecom,USA,2025-12,FY25,222168.0,235808.0,120533.0,125491.0,37704.0,38731.0,5120.0,4952.0,3153.0,2662.0,5935.0,5489.0,2940.0,2927.0,1760.0,2195.0,4665.0,4574.0
Technology & Telecom,USA,2026-01,FY25,234523.0,223846.0,131649.0,130327.0,36415.0,36057.0,6703.0,6674.0,3267.0,3307.0,5538.0,5995.0,3980.0,4173.0,2577.0,2511.0,6949.0,6789.0
Technology & Telecom,USA,2026-02,FY25,224891.0,223429.0,132152.0,137830.0,36749.0,37031.0,5299.0,5876.0,3236.0,3781.0,5237.0,5202.0,3080.0,3125.0,2179.0,1905.0,4728.0,4691.0
Technology & Telecom,USA,2026-03,FY25,223606.0,237332.0,131779.0,141143.0,37967.0,39254.0,4690.0,4394.0,2687.0,3406.0,5623.0,5632.0,3140.0,3237.0,1882.0,2181.0,5753.0,5906.0
Technology & Telecom,Rest of GCC,2023-04,FY23,122944.0,117723.0,71235.0,70742.0,19579.0,20627.0,3835.0,4037.0,1639.0,2011.0,2323.0,2356.0,1618.0,1664.0,1165.0,1377.0,3158.0,3091.0
Technology & Telecom,Rest of GCC,2023-05,FY23,115967.0,118900.0,67996.0,72613.0,18217.0,19258.0,3810.0,4328.0,1651.0,1410.0,3061.0,3261.0,1599.0,1644.0,1236.0,1308.0,2973.0,3055.0
Technology & Telecom,Rest of GCC,2023-06,FY23,119368.0,117643.0,64623.0,64618.0,17267.0,17965.0,3206.0,3127.0,1700.0,1906.0,2356.0,2259.0,1969.0,2066.0,880.0,1024.0,2776.0,2803.0
Technology & Telecom,Rest of GCC,2023-07,FY23,122614.0,120443.0,72822.0,72256.0,19584.0,20205.0,2484.0,2722.0,1225.0,982.0,2630.0,2612.0,2122.0,2224.0,1399.0,1595.0,2985.0,2901.0
Technology & Telecom,Rest of GCC,2023-08,FY23,126994.0,122808.0,71672.0,71539.0,19854.0,19579.0,3799.0,3336.0,1505.0,1635.0,2724.0,2815.0,2462.0,2392.0,1190.0,1529.0,2665.0,2718.0
Technology & Telecom,Rest of GCC,2023-09,FY23,140131.0,135789.0,82458.0,79317.0,21034.0,22540.0,3055.0,3370.0,1883.0,1882.0,2731.0,2801.0,2548.0,2637.0,1069.0,1432.0,4000.0,4080.0
Technology & Telecom,Rest of GCC,2023-10,FY23,128611.0,124831.0,69457.0,69087.0,19988.0,20708.0,4323.0,4179.0,1928.0,1655.0,3575.0,3538.0,1751.0,1678.0,921.0,1075.0,3631.0,3701.0
Technology & Telecom,Rest of GCC,2023-11,FY23,129956.0,123363.0,73102.0,67271.0,20721.0,20282.0,3827.0,3337.0,1711.0,1415.0,2869.0,2731.0,2214.0,2147.0,1234.0,1315.0,3133.0,3066.0
Technology & Telecom,Rest of GCC,2023-12,FY23,131037.0,135584.0,72960.0,72894.0,20292.0,20671.0,3174.0,2852.0,1704.0,1746.0,2542.0,2523.0,2477.0,2519.0,1255.0,1263.0,3349.0,3267.0
Technology & Telecom,Rest of GCC,2024-01,FY23,131683.0,128221.0,77635.0,78946.0,22082.0,23805.0,3751.0,4238.0,1115.0,1326.0,2400.0,2613.0,2291.0,2237.0,1557.0,1431.0,3231.0,3151.0
Technology & Telecom,Rest of GCC,2024-02,FY23,133856.0,127268.0,75156.0,74834.0,19553.0,20936.0,3483.0,3449.0,1940.0,2002.0,2684.0,2951.0,2578.0,2624.0,866.0,778.0,3186.0,3132.0
Technology & Telecom,Rest of GCC,2024-03,FY23,143558.0,138167.0,85959.0,82162.0,22113.0,22778.0,4974.0,4789.0,1340.0,1372.0,3864.0,3934.0,2075.0,2094.0,1487.0,1340.0,3702.0,3602.0
Technology & Telecom,Rest of GCC,2024-04,FY24,127392.0,130621.0,69120.0,73599.0,19483.0,19509.0,2649.0,2611.0,1627.0,1978.0,2801.0,2846.0,2474.0,2574.0,1331.0,1464.0,3202.0,3282.0
Technology & Telecom,Rest of GCC,2024-05,FY24,134532.0,129348.0,77806.0,77900.0,22444.0,23225.0,4360.0,3840.0,1258.0,1333.0,3731.0,3548.0,2202.0,2254.0,1204.0,1491.0,3507.0,3451.0
Technology & Telecom,Rest of GCC,2024-06,FY24,135002.0,129915.0,79987.0,77878.0,22451.0,23872.0,3059.0,3226.0,1381.0,1125.0,2739.0,2890.0,2657.0,2530.0,1446.0,1667.0,3671.0,3655.0
Technology & Telecom,Rest of GCC,2024-07,FY24,139640.0,131818.0,79206.0,76747.0,21236.0,22791.0,3287.0,3193.0,1879.0,1641.0,3620.0,3568.0,1678.0,1685.0,909.0,1186.0,3045.0,3069.0
Technology & Telecom,Rest of GCC,2024-08,FY24,126482.0,131875.0,75830.0,80901.0,20210.0,19637.0,3165.0,3629.0,1842.0,2106.0,2789.0,2641.0,1592.0,1616.0,1470.0,1240.0,3251.0,3217.0
Technology & Telecom,Rest of GCC,2024-09,FY24,142288.0,143031.0,81908.0,79757.0,22442.0,23676.0,3419.0,3347.0,1745.0,1648.0,3339.0,3082.0,1888.0,1962.0,886.0,885.0,2894.0,2912.0
Technology & Telecom,Rest of GCC,2024-10,FY24,137122.0,134502.0,78507.0,80874.0,21658.0,22655.0,3786.0,3550.0,1222.0,1517.0,2931.0,3085.0,2207.0,2236.0,1355.0,1315.0,3362.0,3371.0
Technology & Telecom,Rest of GCC,2024-11,FY24,140301.0,135265.0,83448.0,82449.0,21500.0,21699.0,3183.0,3560.0,1517.0,1510.0,2800.0,2964.0,2421.0,2306.0,1360.0,1312.0,3901.0,4009.0
Technology & Telecom,Rest of GCC,2024-12,FY24,146957.0,144737.0,87939.0,87298.0,22920.0,23202.0,3270.0,3391.0,2117.0,2229.0,3701.0,3507.0,2744.0,2695.0,1390.0,1524.0,4041.0,4111.0
Technology & Telecom,Rest of GCC,2025-01,FY24,137983.0,135041.0,74516.0,74572.0,22142.0,23408.0,3523.0,3730.0,1957.0,2215.0,3681.0,3887.0,2086.0,2133.0,1103.0,1185.0,2813.0,2842.0
Technology & Telecom,Rest of GCC,2025-02,FY24,140668.0,134229.0,77445.0,76226.0,23291.0,23280.0,3199.0,3222.0,1579.0,1574.0,2729.0,2917.0,2376.0,2301.0,1052.0,1442.0,3775.0,3829.0
Technology & Telecom,Rest of GCC,2025-03,FY24,153358.0,148209.0,90453.0,86099.0,25798.0,26574.0,5141.0,5253.0,1338.0,1341.0,3160.0,3297.0,2964.0,2871.0,1621.0,1999.0,4497.0,4410.0
Technology & Telecom,Rest of GCC,2025-04,FY25,138691.0,140562.0,82954.0,82469.0,23353.0,23222.0,4219.0,4021.0,1700.0,1943.0,2638.0,2836.0,2707.0,2600.0,1423.0,1454.0,2809.0,2834.0
Technology & Telecom,Rest of GCC,2025-05,FY25,149462.0,141704.0,89225.0,85718.0,20995.0,21105.0,4083.0,4304.0,2059.0,1878.0,2981.0,3080.0,1937.0,1971.0,1356.0,1554.0,4374.0,4272.0
Technology & Telecom,Rest of GCC,2025-06,FY25,142371.0,142641.0,77281.0,78294.0,22942.0,23722.0,3422.0,2947.0,1975.0,1788.0,3001.0,2937.0,2225.0,2186.0,1134.0,980.0,3885.0,3854.0
Technology & Telecom,Rest of GCC,2025-07,FY25,151471.0,145911.0,86119.0,86211.0,23589.0,23499.0,3998.0,4420.0,1260.0,1613.0,3129.0,3356.0,2662.0,2700.0,1008.0,1381.0,4230.0,4112.0
Technology & Telecom,Rest of GCC,2025-08,FY25,145366.0,146126.0,83868.0,88310.0,20883.0,21616.0,3938.0,3418.0,1908.0,1652.0,3311.0,3208.0,1895.0,1960.0,1332.0,1750.0,3414.0,3345.0
Technology & Telecom,Rest of GCC,2025-09,FY25,153644.0,156826.0,90427.0,95509.0,23484.0,22930.0,3821.0,4134.0,1774.0,2122.0,3457.0,3456.0,2211.0,2138.0,1376.0,1380.0,3591.0,3643.0
Technology & Telecom,Rest of GCC,2025-10,FY25,147852.0,147122.0,82852.0,83828.0,24978.0,26417.0,3661.0,3895.0,1818.0,1616.0,2852.0,3116.0,2851.0,2984.0,1608.0,1699.0,3448.0,3373.0
Technology & Telecom,Rest of GCC,2025-11,FY25,157185.0,150287.0,85284.0,84560.0,23762.0,23649.0,4670.0,4295.0,2312.0,2001.0,4208.0,4540.0,2926.0,3014.0,1762.0,1483.0,3152.0,3122.0
Technology & Telecom,Rest of GCC,2025-12,FY25,154914.0,160617.0,89537.0,94083.0,22534.0,22107.0,3803.0,4204.0,1808.0,1793.0,3697.0,4063.0,2467.0,2467.0,1720.0,2398.0,3442.0,3431.0
Technology & Telecom,Rest of GCC,2026-01,FY25,149423.0,150487.0,89201.0,91665.0,21590.0,20957.0,3809.0,3826.0,1968.0,1739.0,3241.0,3104.0,2939.0,2947.0,1619.0,1463.0,3800.0,3872.0
Technology & Telecom,Rest of GCC,2026-02,FY25,147348.0,153033.0,80124.0,81687.0,21262.0,22591.0,2963.0,2790.0,1274.0,1259.0,2664.0,2494.0,2057.0,2008.0,1026.0,1263.0,3629.0,3525.0
Technology & Telecom,Rest of GCC,2026-03,FY25,163868.0,164427.0,93588.0,91335.0,25183.0,26607.0,5489.0,5456.0,1679.0,1970.0,3545.0,3662.0,2601.0,2570.0,1831.0,2500.0,3811.0,3838.0
Public Sector,UAE,2023-04,FY23,210344.0,211522.0,124940.0,127266.0,34052.0,34501.0,5940.0,5373.0,2330.0,2005.0,4772.0,4445.0,3681.0,3570.0,2256.0,2791.0,6154.0,6211.0
Public Sector,UAE,2023-05,FY23,229116.0,217212.0,136454.0,128558.0,33262.0,34374.0,6531.0,6756.0,3021.0,3748.0,6313.0,6641.0,4215.0,4281.0,2179.0,2580.0,5124.0,5140.0
Public Sector,UAE,2023-06,FY23,207992.0,216661.0,120469.0,128767.0,30645.0,31673.0,6951.0,6332.0,2473.0,2359.0,4613.0,4650.0,3568.0,3653.0,2349.0,2188.0,5841.0,5767.0
Public Sector,UAE,2023-07,FY23,224169.0,222274.0,124562.0,121886.0,36836.0,38871.0,6539.0,6980.0,2077.0,2126.0,5884.0,6325.0,3477.0,3368.0,1579.0,1329.0,4608.0,4538.0
Public Sector,UAE,2023-08,FY23,226806.0,227666.0,129647.0,131251.0,32518.0,33296.0,7582.0,7188.0,2735.0,2951.0,6158.0,5935.0,2992.0,3085.0,2385.0,2049.0,6335.0,6296.0
Public Sector,UAE,2023-09,FY23,264407.0,253371.0,151473.0,142278.0,44024.0,43988.0,7486.0,7725.0,3855.0,4790.0,6131.0,6199.0,4376.0,4310.0,1921.0,2390.0,7152.0,7097.0
Public Sector,UAE,2023-10,FY23,225325.0,234187.0,130293.0,135351.0,31957.0,33944.0,7043.0,8094.0,3015.0,2717.0,4683.0,4563.0,4367.0,4430.0,2453.0,3221.0,5800.0,5664.0
Public Sector,UAE,2023-11,FY23,241317.0,231986.0,132671.0,125338.0,39054.0,41742.0,7967.0,6827.0,2183.0,2376.0,6224.0,6544.0,4029.0,3968.0,1483.0,1456.0,5980.0,6035.0
Public Sector,UAE,2023-12,FY23,248115.0,257610.0,143094.0,145947.0,34773.0,35319.0,6712.0,6129.0,3016.0,2553.0,6866.0,6496.0,3073.0,2966.0,1715.0,1585.0,5255.0,5314.0
Public Sector,UAE,2024-01,FY23,238736.0,239877.0,135600.0,139369.0,33806.0,35045.0,7446.0,6528.0,2098.0,2101.0,4606.0,4387.0,3096.0,3165.0,2072.0,2556.0,6354.0,6516.0
Public Sector,UAE,2024-02,FY23,257009.0,244331.0,141837.0,137565.0,41607.0,40528.0,7345.0,7194.0,2663.0,2844.0,6323.0,6335.0,4887.0,5039.0,2740.0,2362.0,7105.0,7012.0
Public Sector,UAE,2024-03,FY23,257656.0,264497.0,151345.0,159106.0,40906.0,40312.0,6456.0,5505.0,3260.0,4209.0,5025.0,4882.0,3357.0,3471.0,2460.0,3002.0,6098.0,6269.0
Public Sector,UAE,2024-04,FY24,256543.0,246496.0,139549.0,138301.0,40958.0,43358.0,5957.0,6255.0,3123.0,2699.0,6400.0,6460.0,3114.0,2989.0,3031.0,2641.0,5838.0,5811.0
Public Sector,UAE,2024-05,FY24,241948.0,247088.0,135975.0,137714.0,40580.0,40309.0,4937.0,5591.0,3440.0,4091.0,4417.0,4851.0,4704.0,4668.0,1977.0,1774.0,5397.0,5395.0
Public Sector,UAE,2024-06,FY24,247615.0,244706.0,134626.0,136946.0,41827.0,42556.0,8154.0,6986.0,2376.0,2051.0,5154.0,5345.0,4756.0,4681.0,1874.0,2471.0,7002.0,7079.0
Public Sector,UAE,2024-07,FY24,239806.0,248087.0,139716.0,143120.0,35369.0,34793.0,7012.0,7870.0,2599.0,2724.0,6509.0,6738.0,3585.0,3726.0,1882.0,1579.0,5858.0,5920.0
Public Sector,UAE,2024-08,FY24,251156.0,255075.0,142031.0,141346.0,37016.0,37858.0,5424.0,5972.0,2451.0,2493.0,4798.0,4893.0,4559.0,4695.0,2282.0,1879.0,5090.0,5216.0
Public Sector,UAE,2024-09,FY24,285730.0,283896.0,156015.0,154994.0,46546.0,45610.0,6408.0,6439.0,3375.0,3572.0,7464.0,7767.0,4452.0,4295.0,1767.0,2177.0,8498.0,8602.0
Public Sector,UAE,2024-10,FY24,252298.0,261867.0,136884.0,142769.0,37187.0,37961.0,5913.0,5167.0,2103.0,2597.0,5452.0,5537.0,3584.0,3512.0,2726.0,2467.0,6822.0,6627.0
Public Sector,UAE,2024-11,FY24,254564.0,264673.0,145586.0,153062.0,38353.0,38999.0,6731.0,6234.0,2089.0,1797.0,4596.0,4393.0,4421.0,4586.0,1833.0,1909.0,7185.0,7366.0
Public Sector,UAE,2024-12,FY24,281900.0,290467.0,159625.0,164384.0,46428.0,45438.0,8112.0,8172.0,3894.0,4477.0,6413.0,5937.0,5592.0,5538.0,2411.0,2378.0,6569.0,6604.0
Public Sector,UAE,2025-01,FY24,280657.0,271058.0,152406.0,149749.0,44904.0,44171.0,6675.0,5713.0,3532.0,3860.0,6578.0,7167.0,3520.0,3596.0,2959.0,3890.0,7384.0,7282.0
Public Sector,UAE,2025-02,FY24,259761.0,267818.0,155817.0,156175.0,42480.0,41403.0,7574.0,7578.0,3547.0,3365.0,6832.0,7296.0,5048.0,4995.0,2503.0,3489.0,6855.0,6916.0
Public Sector,UAE,2025-03,FY24,294235.0,291080.0,170983.0,175170.0,44567.0,45958.0,7176.0,6984.0,3141.0,2669.0,5933.0,5764.0,3646.0,3639.0,2235.0,2101.0,6397.0,6329.0
Public Sector,UAE,2025-04,FY25,273027.0,265478.0,163276.0,162342.0,43098.0,44568.0,9195.0,10562.0,3037.0,2452.0,6857.0,7433.0,3637.0,3612.0,3257.0,3896.0,5532.0,5521.0
Public Sector,UAE,2025-05,FY25,278069.0,267792.0,159176.0,150234.0,39672.0,38722.0,6222.0,6531.0,2278.0,2737.0,6751.0,6326.0,5408.0,5644.0,3243.0,4149.0,6215.0,6284.0
Public Sector,UAE,2025-06,FY25,275009.0,272667.0,158331.0,163594.0,44937.0,45806.0,6105.0,5394.0,4079.0,5226.0,6960.0,7077.0,4677.0,4894.0,3181.0,3515.0,7742.0,7905.0
Public Sector,UAE,2025-07,FY25,294431.0,280045.0,174789.0,164906.0,42441.0,44706.0,7882.0,8781.0,3089.0,3264.0,8029.0,8212.0,4570.0,4573.0,2540.0,2050.0,6397.0,6517.0
Public Sector,UAE,2025-08,FY25,264389.0,279594.0,150294.0,159962.0,37758.0,40125.0,8627.0,8317.0,2273.0,2495.0,5001.0,5184.0,3350.0,3235.0,3000.0,3614.0,6849.0,6969.0
Public Sector,UAE,2025-09,FY25,305980.0,308816.0,181822.0,179654.0,49503.0,50153.0,10449.0,10983.0,4264.0,4828.0,5661.0,5252.0,4540.0,4637.0,2311.0,2945.0,8537.0,8498.0
Public Sector,UAE,2025-10,FY25,268093.0,283611.0,159241.0,171894.0,38957.0,39006.0,8956.0,9469.0,3192.0,3086.0,5837.0,5482.0,5214.0,5256.0,2990.0,3574.0,7081.0,6946.0
Public Sector,UAE,2025-11,FY25,300781.0,287506.0,179137.0,175572.0,44663.0,46319.0,7747.0,7163.0,2964.0,3278.0,5491.0,5500.0,4361.0,4171.0,1826.0,2075.0,6323.0,6187.0
Public Sector,UAE,2025-12,FY25,316792.0,322379.0,185514.0,195645.0,48215.0,49646.0,6930.0,6935.0,3807.0,4548.0,6406.0,6510.0,5152.0,5153.0,3068.0,4075.0,6771.0,6673.0
Public Sector,UAE,2026-01,FY25,315074.0,297556.0,184373.0,174794.0,49552.0,50382.0,9247.0,8036.0,3182.0,2887.0,8285.0,8497.0,5688.0,5816.0,2567.0,3217.0,8191.0,8346.0
Public Sector,UAE,2026-02,FY25,319643.0,305944.0,186315.0,173863.0,46796.0,49097.0,10681.0,10174.0,4752.0,3906.0,6567.0,6699.0,4077.0,4009.0,3510.0,2854.0,6922.0,7091.0
Public Sector,UAE,2026-03,FY25,325669.0,333592.0,178688.0,178441.0,46545.0,46776.0,6668.0,6054.0,3265.0,2658.0,7709.0,7650.0,4073.0,4177.0,2900.0,3906.0,8948.0,9094.0
Public Sector,KSA,2023-04,FY23,155610.0,151025.0,89916.0,88374.0,26250.0,27569.0,5134.0,5075.0,1845.0,1565.0,2925.0,2834.0,2511.0,2635.0,1669.0,2176.0,4081.0,4184.0
Public Sector,KSA,2023-05,FY23,160737.0,152551.0,92063.0,89025.0,25099.0,26568.0,3815.0,4359.0,1731.0,1920.0,3601.0,3916.0,2419.0,2374.0,1825.0,1559.0,3762.0,3708.0
Public Sector,KSA,2023-06,FY23,155093.0,152173.0,84780.0,84810.0,25074.0,26196.0,3238.0,3420.0,1759.0,1725.0,3873.0,3829.0,2723.0,2682.0,996.0,844.0,4161.0,4052.0
Public Sector,KSA,2023-07,FY23,155673.0,154970.0,91268.0,94013.0,22762.0,22866.0,4073.0,4329.0,1382.0,1461.0,3207.0,3165.0,1938.0,1935.0,980.0,1133.0,4127.0,4078.0
Public Sector,KSA,2023-08,FY23,154037.0,153478.0,88544.0,86526.0,22921.0,23182.0,3947.0,4379.0,2079.0,2433.0,3630.0,3624.0,2462.0,2351.0,1654.0,1583.0,3103.0,3157.0
Public Sector,KSA,2023-09,FY23,160253.0,161736.0,90038.0,93753.0,24070.0,25711.0,4578.0,4966.0,1628.0,1562.0,3238.0,3434.0,2955.0,2816.0,1087.0,1429.0,3797.0,3865.0
Public Sector,KSA,2023-10,FY23,161469.0,156161.0,95470.0,90647.0,24634.0,25793.0,3361.0,3257.0,1669.0,1843.0,3276.0,3046.0,2835.0,2885.0,1124.0,1025.0,3512.0,3469.0
Public Sector,KSA,2023-11,FY23,165572.0,159852.0,93663.0,94274.0,26627.0,27216.0,4308.0,4649.0,2035.0,2025.0,3152.0,3000.0,2926.0,2809.0,1363.0,1886.0,4145.0,4259.0
Public Sector,KSA,2023-12,FY23,170313.0,169965.0,95936.0,92851.0,27729.0,29885.0,3445.0,3419.0,1978.0,1974.0,4277.0,4698.0,2218.0,2301.0,1199.0,1388.0,5010.0,4993.0
Public Sector,KSA,2024-01,FY23,153978.0,163522.0,90557.0,96547.0,26150.0,26541.0,3687.0,3315.0,2107.0,1766.0,3896.0,4229.0,1914.0,1920.0,1135.0,1425.0,3817.0,3755.0
Public Sector,KSA,2024-02,FY23,165067.0,163328.0,92958.0,94858.0,23348.0,24071.0,5712.0,5944.0,1746.0,1628.0,3820.0,3727.0,2144.0,2156.0,1734.0,1911.0,4752.0,4713.0
Public Sector,KSA,2024-03,FY23,184639.0,175179.0,100227.0,97508.0,28227.0,28329.0,4710.0,4925.0,1915.0,1671.0,3687.0,3976.0,2380.0,2486.0,1279.0,1570.0,4519.0,4592.0
Public Sector,KSA,2024-04,FY24,172151.0,167401.0,103055.0,102573.0,27307.0,28938.0,3662.0,3594.0,2309.0,2729.0,3517.0,3421.0,2949.0,3020.0,1538.0,1259.0,4937.0,4953.0
Public Sector,KSA,2024-05,FY24,160793.0,167429.0,87530.0,91768.0,25956.0,27048.0,3362.0,3712.0,1969.0,1956.0,3291.0,3052.0,2353.0,2385.0,997.0,1162.0,4491.0,4418.0
Public Sector,KSA,2024-06,FY24,169806.0,169744.0,93171.0,95039.0,24942.0,26520.0,5640.0,4814.0,2378.0,2929.0,4394.0,4628.0,2737.0,2796.0,1423.0,1543.0,3883.0,3977.0
Public Sector,KSA,2024-07,FY24,169724.0,172933.0,93405.0,93910.0,28429.0,30564.0,4061.0,3973.0,2339.0,2117.0,3963.0,3904.0,2126.0,2148.0,1240.0,1516.0,4332.0,4206.0
Public Sector,KSA,2024-08,FY24,180467.0,175095.0,106120.0,105320.0,26570.0,27514.0,4007.0,3955.0,2078.0,2349.0,4826.0,5079.0,3326.0,3349.0,1544.0,1778.0,4538.0,4444.0
Public Sector,KSA,2024-09,FY24,193117.0,188799.0,104989.0,108241.0,28858.0,29830.0,4247.0,4221.0,1916.0,1963.0,3742.0,3696.0,2374.0,2277.0,2003.0,2321.0,5306.0,5268.0
Public Sector,KSA,2024-10,FY24,172859.0,177814.0,102726.0,109508.0,27564.0,28533.0,3879.0,3571.0,2070.0,1763.0,4798.0,5265.0,2986.0,2986.0,1444.0,1863.0,5088.0,5108.0
Public Sector,KSA,2024-11,FY24,182534.0,182161.0,104205.0,100799.0,28720.0,30778.0,4110.0,3643.0,2503.0,2021.0,3705.0,4001.0,2214.0,2256.0,1518.0,1610.0,3860.0,3955.0
Public Sector,KSA,2024-12,FY24,196537.0,193487.0,114048.0,113808.0,32244.0,32982.0,5069.0,4326.0,1687.0,1599.0,4270.0,4541.0,2812.0,2929.0,1457.0,1649.0,5756.0,5808.0
Public Sector,KSA,2025-01,FY24,175874.0,185090.0,100357.0,102353.0,27169.0,27613.0,5499.0,6087.0,2197.0,1972.0,3710.0,3992.0,2939.0,3037.0,1889.0,1551.0,3867.0,3930.0
Public Sector,KSA,2025-02,FY24,189763.0,182423.0,107075.0,100948.0,28674.0,30386.0,6481.0,7361.0,2300.0,2343.0,3557.0,3285.0,3323.0,3302.0,2246.0,2698.0,4596.0,4483.0
Public Sector,KSA,2025-03,FY24,193288.0,189931.0,115000.0,112045.0,27562.0,27009.0,6303.0,7235.0,1850.0,1741.0,5040.0,5128.0,2475.0,2503.0,2229.0,2574.0,5359.0,5349.0
Public Sector,KSA,2025-04,FY25,170309.0,180833.0,99866.0,109294.0,26040.0,26829.0,4158.0,3710.0,1999.0,2166.0,4125.0,3913.0,2871.0,2953.0,1561.0,1755.0,4357.0,4362.0
Public Sector,KSA,2025-05,FY25,174354.0,182723.0,99687.0,107049.0,27762.0,29316.0,3677.0,3159.0,2375.0,2409.0,3771.0,4042.0,2886.0,3001.0,1071.0,1239.0,3708.0,3807.0
Public Sector,KSA,2025-06,FY25,189218.0,180941.0,110851.0,105627.0,31311.0,32545.0,5423.0,5962.0,1761.0,1422.0,5256.0,5359.0,2279.0,2380.0,2154.0,2200.0,4048.0,3944.0
Public Sector,KSA,2025-07,FY25,177983.0,181565.0,99468.0,106529.0,27377.0,27932.0,5445.0,5724.0,1596.0,1514.0,4275.0,4536.0,2273.0,2312.0,1959.0,2215.0,4059.0,4085.0
Public Sector,KSA,2025-08,FY25,192817.0,183148.0,109162.0,101646.0,27809.0,29859.0,4823.0,4950.0,2149.0,2591.0,5171.0,5608.0,2722.0,2785.0,1465.0,1288.0,5444.0,5394.0
Public Sector,KSA,2025-09,FY25,192547.0,192869.0,113622.0,113031.0,31459.0,30953.0,6291.0,5614.0,2679.0,2635.0,5065.0,5307.0,2338.0,2393.0,1228.0,1277.0,5633.0,5768.0
Public Sector,KSA,2025-10,FY25,192687.0,182802.0,109362.0,102026.0,27762.0,29518.0,5212.0,4708.0,1761.0,1902.0,4101.0,4305.0,3526.0,3351.0,1259.0,1400.0,5675.0,5783.0
Public Sector,KSA,2025-11,FY25,185499.0,181388.0,108150.0,104306.0,26728.0,27160.0,4794.0,5418.0,2684.0,3214.0,4031.0,4058.0,2313.0,2279.0,1739.0,2120.0,5470.0,5336.0
Public Sector,KSA,2025-12,FY25,204183.0,193178.0,117737.0,115678.0,34012.0,33400.0,6584.0,5767.0,1899.0,1596.0,5472.0,5767.0,2822.0,2911.0,2198.0,1829.0,5247.0,5152.0
Public Sector,KSA,2026-01,FY25,171036.0,180322.0,96774.0,101252.0,24020.0,25828.0,4079.0,4325.0,2551.0,2151.0,3941.0,4183.0,2821.0,2772.0,1327.0,1707.0,3662.0,3677.0
Public Sector,KSA,2026-02,FY25,183019.0,180997.0,105123.0,108172.0,27885.0,27452.0,4366.0,4964.0,2445.0,2461.0,4635.0,5065.0,3357.0,3362.0,1253.0,1359.0,5133.0,5229.0
Public Sector,KSA,2026-03,FY25,198091.0,188981.0,115590.0,107163.0,29265.0,28533.0,5007.0,5099.0,2432.0,2215.0,3928.0,3945.0,2847.0,2981.0,2120.0,2622.0,4829.0,4836.0
Public Sector,India,2023-04,FY23,162306.0,169392.0,92806.0,96905.0,24052.0,24774.0,3341.0,3270.0,1519.0,1631.0,4528.0,4978.0,3105.0,3239.0,1464.0,1652.0,4817.0,4764.0
Public Sector,India,2023-05,FY23,177961.0,169400.0,104618.0,101538.0,29452.0,29883.0,3927.0,3394.0,1840.0,1882.0,3994.0,3873.0,2207.0,2176.0,1730.0,1750.0,4207.0,4181.0
Public Sector,India,2023-06,FY23,162814.0,169257.0,95975.0,101416.0,25436.0,25605.0,5126.0,4522.0,1865.0,2145.0,4120.0,4284.0,2735.0,2842.0,1074.0,913.0,3419.0,3476.0
Public Sector,India,2023-07,FY23,165680.0,174149.0,99272.0,101029.0,24828.0,24889.0,5656.0,5965.0,1388.0,1598.0,3261.0,3014.0,2939.0,2901.0,1227.0,1583.0,4858.0,4916.0
Public Sector,India,2023-08,FY23,166430.0,173138.0,89879.0,90754.0,23975.0,24410.0,4112.0,4475.0,1991.0,2461.0,3095.0,2935.0,2553.0,2633.0,1916.0,1624.0,3513.0,3453.0
Public Sector,India,2023-09,FY23,179288.0,186376.0,106266.0,115747.0,28622.0,29924.0,4284.0,4456.0,2209.0,1803.0,3734.0,4078.0,2858.0,2934.0,1833.0,2395.0,4417.0,4430.0
Public Sector,India,2023-10,FY23,186155.0,181615.0,107112.0,104193.0,26218.0,26097.0,5820.0,5062.0,1502.0,1496.0,5133.0,5297.0,3678.0,3778.0,1131.0,1373.0,4801.0,4658.0
Public Sector,India,2023-11,FY23,192093.0,182507.0,113853.0,108431.0,29812.0,31209.0,6033.0,5245.0,2267.0,2524.0,5205.0,5684.0,3827.0,3765.0,1862.0,2486.0,5686.0,5638.0
Public Sector,India,2023-12,FY23,190723.0,196777.0,107268.0,112317.0,27539.0,27807.0,4017.0,3486.0,2812.0,3050.0,4535.0,4698.0,2896.0,2875.0,2190.0,2835.0,3927.0,3938.0
Public Sector,India,2024-01,FY23,189627.0,190140.0,102900.0,105987.0,27922.0,28555.0,4552.0,4798.0,2468.0,3155.0,4669.0,4775.0,2714.0,2736.0,2234.0,2290.0,4219.0,4093.0
Public Sector,India,2024-02,FY23,189334.0,192171.0,111874.0,111218.0,28370.0,28199.0,5584.0,6134.0,1611.0,1460.0,4127.0,3986.0,3633.0,3518.0,1256.0,1410.0,4135.0,4026.0
Public Sector,India,2024-03,FY23,213356.0,202494.0,124205.0,115345.0,34922.0,35056.0,7007.0,6103.0,2808.0,2291.0,3925.0,4243.0,3280.0,3338.0,1736.0,1395.0,5898.0,5913.0
Public Sector,India,2024-04,FY24,197436.0,197189.0,109494.0,106906.0,32989.0,32320.0,5111.0,4682.0,1768.0,2234.0,4110.0,4283.0,3882.0,4046.0,1725.0,2161.0,5915.0,5935.0
Public Sector,India,2024-05,FY24,202021.0,203212.0,119482.0,124867.0,28815.0,29831.0,5839.0,5705.0,1853.0,1525.0,5562.0,5358.0,3509.0,3643.0,2179.0,2900.0,4326.0,4292.0
Public Sector,India,2024-06,FY24,195208.0,205627.0,110823.0,117389.0,27474.0,28450.0,3907.0,3842.0,1686.0,1639.0,3830.0,4016.0,3203.0,3101.0,1677.0,2305.0,4097.0,4170.0
Public Sector,India,2024-07,FY24,201491.0,209775.0,113068.0,123069.0,32958.0,33863.0,6780.0,7233.0,2580.0,2794.0,4501.0,4767.0,3229.0,3136.0,1658.0,1874.0,4194.0,4216.0
Public Sector,India,2024-08,FY24,216812.0,210506.0,126058.0,123133.0,34933.0,34247.0,6144.0,5304.0,1811.0,2347.0,4639.0,4465.0,3530.0,3639.0,2086.0,1939.0,5523.0,5482.0
Public Sector,India,2024-09,FY24,228840.0,228606.0,131563.0,137135.0,37555.0,37569.0,7877.0,7430.0,1916.0,1625.0,5295.0,5032.0,4126.0,3987.0,1447.0,1636.0,5984.0,5997.0
Public Sector,India,2024-10,FY24,229036.0,220091.0,126821.0,124757.0,33133.0,33057.0,5534.0,5513.0,2279.0,2064.0,4424.0,4667.0,3710.0,3565.0,1953.0,2680.0,5405.0,5438.0
Public Sector,India,2024-11,FY24,206900.0,219820.0,113297.0,122870.0,29047.0,28291.0,4783.0,4138.0,3012.0,3458.0,4177.0,3941.0,3669.0,3668.0,2297.0,2013.0,5950.0,5859.0
Public Sector,India,2024-12,FY24,223592.0,236612.0,131161.0,135612.0,31930.0,32150.0,4630.0,4288.0,2097.0,2393.0,5869.0,5763.0,4102.0,3992.0,2453.0,2635.0,5268.0,5395.0
Public Sector,India,2025-01,FY24,223997.0,223000.0,122733.0,118518.0,31514.0,31130.0,6490.0,6326.0,3177.0,3631.0,5695.0,5721.0,3366.0,3402.0,2501.0,2240.0,6158.0,6169.0
Public Sector,India,2025-02,FY24,229629.0,222031.0,127632.0,128318.0,37259.0,39507.0,4823.0,4660.0,2098.0,2274.0,5974.0,5714.0,2973.0,2969.0,2068.0,2110.0,5872.0,5826.0
Public Sector,India,2025-03,FY24,250001.0,240161.0,148612.0,143489.0,40649.0,43413.0,6437.0,6824.0,3627.0,3054.0,5780.0,5727.0,3723.0,3650.0,1930.0,2428.0,5637.0,5690.0
Public Sector,India,2025-04,FY25,227633.0,229520.0,136302.0,140701.0,35998.0,35665.0,5320.0,5187.0,1835.0,2062.0,4955.0,4963.0,2967.0,2869.0,1550.0,2060.0,4820.0,4761.0
Public Sector,India,2025-05,FY25,220994.0,228779.0,124786.0,126178.0,36434.0,36718.0,6590.0,6976.0,2180.0,1909.0,5479.0,5879.0,3777.0,3949.0,2034.0,2229.0,6600.0,6778.0
Public Sector,India,2025-06,FY25,239086.0,232396.0,142452.0,135532.0,35194.0,35343.0,7725.0,6762.0,2918.0,3330.0,4934.0,4718.0,3517.0,3425.0,1627.0,2244.0,7147.0,7339.0
Public Sector,India,2025-07,FY25,230418.0,239420.0,129481.0,130440.0,35933.0,35744.0,5510.0,5018.0,3158.0,3804.0,4703.0,4393.0,4303.0,4453.0,2114.0,2206.0,5470.0,5542.0
Public Sector,India,2025-08,FY25,239849.0,240805.0,139992.0,146764.0,37635.0,37618.0,5987.0,5904.0,2904.0,3623.0,6230.0,6032.0,4360.0,4535.0,2354.0,3221.0,5662.0,5574.0
Public Sector,India,2025-09,FY25,254778.0,255631.0,150685.0,151100.0,42786.0,44301.0,7017.0,7990.0,2152.0,1946.0,5300.0,4951.0,3757.0,3708.0,2347.0,3157.0,6555.0,6722.0
Public Sector,India,2025-10,FY25,261632.0,249162.0,146090.0,135235.0,39310.0,41419.0,7571.0,7169.0,3815.0,4150.0,5748.0,6162.0,3520.0,3644.0,1946.0,2086.0,7799.0,7629.0
Public Sector,India,2025-11,FY25,257122.0,250585.0,154077.0,148477.0,38965.0,41796.0,6245.0,7177.0,3773.0,4246.0,6129.0,5912.0,4931.0,5148.0,2802.0,2748.0,5957.0,5889.0
Public Sector,India,2025-12,FY25,255356.0,269733.0,146573.0,152398.0,41651.0,41437.0,8788.0,9264.0,2075.0,2214.0,6349.0,5980.0,4985.0,5145.0,2941.0,2604.0,5414.0,5371.0
Public Sector,India,2026-01,FY25,246234.0,258898.0,146744.0,152748.0,35628.0,35981.0,8505.0,7942.0,3515.0,3573.0,6663.0,7086.0,3467.0,3586.0,2438.0,2943.0,5044.0,5043.0
Public Sector,India,2026-02,FY25,252627.0,263254.0,146242.0,157868.0,35560.0,36563.0,8071.0,8980.0,3472.0,3164.0,5671.0,5680.0,4198.0,4156.0,2007.0,1832.0,6235.0,6090.0
Public Sector,India,2026-03,FY25,290526.0,285534.0,157697.0,160173.0,46777.0,49569.0,9356.0,10570.0,2452.0,3099.0,6297.0,6529.0,5016.0,4788.0,1787.0,1593.0,8298.0,8138.0
Public Sector,UK,2023-04,FY23,91507.0,89756.0,54604.0,52302.0,12884.0,12924.0,3158.0,3340.0,811.0,1021.0,2345.0,2381.0,1557.0,1493.0,1094.0,1471.0,2012.0,1976.0
Public Sector,UK,2023-05,FY23,89029.0,90649.0,48899.0,51491.0,12934.0,13572.0,2583.0,2340.0,1165.0,1431.0,2301.0,2259.0,1581.0,1655.0,722.0,965.0,2368.0,2327.0
Public Sector,UK,2023-06,FY23,86557.0,90138.0,50064.0,53807.0,13268.0,13891.0,1978.0,1991.0,1061.0,850.0,1873.0,1883.0,1519.0,1579.0,951.0,1207.0,1926.0,1894.0
Public Sector,UK,2023-07,FY23,90404.0,90325.0,54090.0,54357.0,12905.0,12587.0,3132.0,2705.0,842.0,929.0,2340.0,2204.0,1451.0,1401.0,1005.0,1034.0,1897.0,1896.0
Public Sector,UK,2023-08,FY23,85230.0,89530.0,49322.0,54282.0,14439.0,14359.0,2935.0,3092.0,1059.0,944.0,1611.0,1731.0,1477.0,1527.0,734.0,899.0,1928.0,1970.0
Public Sector,UK,2023-09,FY23,96187.0,96436.0,53813.0,55658.0,13844.0,13748.0,3323.0,3041.0,1235.0,1082.0,2647.0,2873.0,1545.0,1566.0,1012.0,987.0,2883.0,2856.0
Public Sector,UK,2023-10,FY23,97242.0,93236.0,55813.0,54994.0,15554.0,16260.0,3200.0,2891.0,1430.0,1434.0,2117.0,2261.0,1648.0,1729.0,707.0,844.0,2820.0,2776.0
Public Sector,UK,2023-11,FY23,98510.0,95193.0,56025.0,56037.0,13988.0,14565.0,2756.0,2567.0,1260.0,1318.0,1876.0,1806.0,1565.0,1536.0,1097.0,1503.0,2731.0,2756.0
Public Sector,UK,2023-12,FY23,94811.0,100689.0,54952.0,57452.0,14370.0,14573.0,1978.0,2147.0,1199.0,1097.0,2492.0,2505.0,1415.0,1353.0,984.0,1254.0,1939.0,1918.0
Public Sector,UK,2024-01,FY23,99175.0,95737.0,59129.0,58322.0,14980.0,15236.0,3055.0,2663.0,1186.0,1493.0,2125.0,2119.0,1204.0,1256.0,649.0,800.0,2571.0,2526.0
Public Sector,UK,2024-02,FY23,96069.0,95529.0,53939.0,52609.0,14825.0,14381.0,2119.0,1962.0,1061.0,933.0,1744.0,1800.0,1654.0,1587.0,997.0,851.0,2217.0,2276.0
Public Sector,UK,2024-03,FY23,105138.0,102053.0,59487.0,60531.0,15992.0,16448.0,3124.0,3036.0,1258.0,1336.0,2119.0,2012.0,1674.0,1671.0,681.0,791.0,2913.0,2849.0
Public Sector,UK,2024-04,FY24,99400.0,97356.0,53845.0,55459.0,15990.0,17206.0,2785.0,2764.0,1174.0,1146.0,2625.0,2857.0,1941.0,1977.0,1133.0,1381.0,2295.0,2242.0
Public Sector,UK,2024-05,FY24,99365.0,96247.0,55617.0,52854.0,16754.0,17490.0,3158.0,3288.0,921.0,794.0,1834.0,1727.0,1247.0,1290.0,1058.0,1155.0,2363.0,2433.0
Public Sector,UK,2024-06,FY24,96464.0,96975.0,57425.0,58117.0,15562.0,15097.0,2538.0,2585.0,1039.0,992.0,2378.0,2374.0,1467.0,1478.0,922.0,1248.0,2783.0,2714.0
Public Sector,UK,2024-07,FY24,97341.0,98695.0,54594.0,56788.0,13726.0,14610.0,1995.0,1939.0,1019.0,1171.0,2210.0,2048.0,1744.0,1827.0,914.0,1069.0,2884.0,2874.0
Public Sector,UK,2024-08,FY24,99225.0,97643.0,57452.0,55253.0,15963.0,15875.0,2291.0,2425.0,1206.0,1398.0,1964.0,1931.0,1319.0,1274.0,842.0,778.0,2282.0,2349.0
Public Sector,UK,2024-09,FY24,106927.0,105483.0,63618.0,63924.0,16765.0,17313.0,2676.0,2590.0,1546.0,1557.0,2389.0,2326.0,1566.0,1529.0,1220.0,1652.0,2935.0,2901.0
Public Sector,UK,2024-10,FY24,93975.0,99050.0,55802.0,59866.0,14272.0,15301.0,2710.0,2916.0,911.0,1050.0,2498.0,2422.0,1467.0,1427.0,1061.0,1407.0,2127.0,2130.0
Public Sector,UK,2024-11,FY24,102141.0,100248.0,58596.0,56238.0,14446.0,14534.0,2687.0,2772.0,1158.0,1468.0,2848.0,2963.0,1661.0,1706.0,933.0,1227.0,2318.0,2283.0
Public Sector,UK,2024-12,FY24,98890.0,105095.0,58706.0,63289.0,14228.0,14883.0,2149.0,2135.0,821.0,791.0,2669.0,2705.0,1339.0,1356.0,1059.0,1083.0,2445.0,2458.0
Public Sector,UK,2025-01,FY24,96543.0,101084.0,53549.0,54263.0,14322.0,14574.0,2372.0,2677.0,873.0,965.0,2285.0,2441.0,1268.0,1298.0,785.0,692.0,2042.0,2071.0
Public Sector,UK,2025-02,FY24,105799.0,101436.0,62618.0,60689.0,16700.0,16549.0,3040.0,3157.0,1468.0,1882.0,2492.0,2486.0,1952.0,2035.0,1022.0,1397.0,2392.0,2372.0
Public Sector,UK,2025-03,FY24,104087.0,107182.0,58251.0,59918.0,14836.0,14755.0,2928.0,2815.0,1478.0,1402.0,2065.0,2208.0,1380.0,1404.0,709.0,932.0,2285.0,2279.0
Public Sector,UK,2025-04,FY25,99218.0,100343.0,57483.0,56222.0,14581.0,14867.0,2847.0,2851.0,1275.0,1531.0,2179.0,2327.0,1850.0,1764.0,1066.0,1485.0,2630.0,2663.0
Public Sector,UK,2025-05,FY25,103298.0,102449.0,57520.0,58857.0,17434.0,17204.0,3313.0,2905.0,1306.0,1363.0,2778.0,2588.0,1457.0,1529.0,807.0,1053.0,2126.0,2091.0
Public Sector,UK,2025-06,FY25,108358.0,104174.0,64672.0,60942.0,17820.0,18480.0,2623.0,2537.0,1004.0,1181.0,2741.0,2894.0,1958.0,1899.0,737.0,1029.0,2843.0,2798.0
Public Sector,UK,2025-07,FY25,98649.0,103175.0,55646.0,61250.0,14449.0,15411.0,2313.0,2118.0,964.0,997.0,1842.0,1924.0,1713.0,1701.0,862.0,1172.0,1984.0,2026.0
Public Sector,UK,2025-08,FY25,101943.0,102208.0,58780.0,60726.0,15236.0,16285.0,2126.0,1984.0,1080.0,894.0,2795.0,2658.0,1412.0,1424.0,1082.0,1395.0,2213.0,2150.0
Public Sector,UK,2025-09,FY25,113288.0,107878.0,66562.0,61477.0,17696.0,18058.0,3874.0,4222.0,1548.0,1855.0,3078.0,2841.0,1771.0,1711.0,791.0,1011.0,2597.0,2656.0
Public Sector,UK,2025-10,FY25,104275.0,100485.0,60827.0,61210.0,15409.0,16444.0,2809.0,3042.0,908.0,1143.0,2547.0,2660.0,1519.0,1483.0,692.0,880.0,2712.0,2771.0
Public Sector,UK,2025-11,FY25,97163.0,102709.0,54565.0,58407.0,15168.0,16249.0,2168.0,2284.0,1205.0,1169.0,2596.0,2418.0,1287.0,1300.0,1051.0,1210.0,2612.0,2594.0
Public Sector,UK,2025-12,FY25,107645.0,110540.0,59773.0,61973.0,17458.0,18753.0,2937.0,3049.0,1201.0,1423.0,2020.0,1926.0,1404.0,1346.0,676.0,756.0,3193.0,3105.0
Public Sector,UK,2026-01,FY25,111758.0,105641.0,64056.0,62702.0,18136.0,17692.0,3771.0,4309.0,952.0,1169.0,2976.0,2998.0,1961.0,2019.0,1296.0,1502.0,2629.0,2643.0
Public Sector,UK,2026-02,FY25,103502.0,106679.0,58095.0,60936.0,16773.0,17926.0,2240.0,1973.0,955.0,1196.0,2841.0,2996.0,1449.0,1457.0,734.0,597.0,2957.0,2895.0
Public Sector,UK,2026-03,FY25,107532.0,111880.0,62449.0,66569.0,15895.0,16955.0,2768.0,3148.0,1544.0,1807.0,1937.0,1970.0,1459.0,1528.0,835.0,890.0,3124.0,3034.0
Public Sector,USA,2023-04,FY23,83682.0,82885.0,46848.0,45867.0,11768.0,11630.0,2753.0,2847.0,891.0,939.0,1799.0,1853.0,1590.0,1541.0,844.0,927.0,2196.0,2249.0
Public Sector,USA,2023-05,FY23,84551.0,83206.0,46719.0,48254.0,13353.0,13417.0,1987.0,1799.0,1222.0,1267.0,2194.0,2082.0,1257.0,1213.0,720.0,959.0,1986.0,1936.0
Public Sector,USA,2023-06,FY23,81180.0,84911.0,47023.0,49918.0,13624.0,13441.0,1972.0,1718.0,1175.0,1501.0,2085.0,2000.0,1073.0,1053.0,856.0,1045.0,1950.0,1942.0
Public Sector,USA,2023-07,FY23,87725.0,85467.0,48183.0,46980.0,14457.0,15173.0,2628.0,2986.0,728.0,720.0,1873.0,1811.0,1414.0,1435.0,816.0,700.0,1934.0,1888.0
Public Sector,USA,2023-08,FY23,89393.0,86685.0,48489.0,46468.0,13948.0,14835.0,2732.0,2451.0,1228.0,1034.0,2369.0,2220.0,1665.0,1712.0,736.0,720.0,2380.0,2435.0
Public Sector,USA,2023-09,FY23,95069.0,94634.0,56298.0,56719.0,14838.0,16011.0,2326.0,1983.0,1269.0,1085.0,2022.0,2063.0,1185.0,1162.0,745.0,656.0,2697.0,2616.0
Public Sector,USA,2023-10,FY23,86395.0,89871.0,51464.0,55851.0,13386.0,13924.0,2351.0,2585.0,1006.0,1195.0,2384.0,2467.0,1231.0,1277.0,907.0,1147.0,1830.0,1823.0
Public Sector,USA,2023-11,FY23,87066.0,89249.0,47957.0,50099.0,14056.0,14309.0,1930.0,1684.0,808.0,770.0,1623.0,1576.0,1471.0,1476.0,938.0,814.0,2379.0,2441.0
Public Sector,USA,2023-12,FY23,99035.0,98229.0,58600.0,60411.0,14132.0,15049.0,2644.0,2902.0,1074.0,1186.0,2750.0,2667.0,1736.0,1666.0,690.0,841.0,2091.0,2097.0
Public Sector,USA,2024-01,FY23,94642.0,90565.0,53504.0,49483.0,15204.0,15029.0,1896.0,1615.0,1377.0,1617.0,2214.0,2114.0,1436.0,1490.0,570.0,672.0,2202.0,2160.0
Public Sector,USA,2024-02,FY23,90676.0,90357.0,50243.0,51466.0,15239.0,15709.0,2034.0,1984.0,1240.0,1098.0,2338.0,2474.0,1133.0,1127.0,835.0,885.0,2559.0,2598.0
Public Sector,USA,2024-03,FY23,103786.0,99513.0,57149.0,55571.0,17300.0,18459.0,2857.0,3194.0,1319.0,1637.0,2080.0,2219.0,1584.0,1623.0,938.0,1108.0,2992.0,3075.0
Public Sector,USA,2024-04,FY24,97796.0,94947.0,57316.0,54588.0,15026.0,14985.0,2766.0,3152.0,857.0,1103.0,1946.0,2023.0,1792.0,1738.0,719.0,838.0,2053.0,2058.0
Public Sector,USA,2024-05,FY24,101148.0,95739.0,56740.0,52685.0,16398.0,17220.0,2119.0,2104.0,1311.0,1550.0,2772.0,2560.0,1985.0,1981.0,841.0,1001.0,2450.0,2469.0
Public Sector,USA,2024-06,FY24,96951.0,96006.0,52390.0,54274.0,15139.0,14852.0,2890.0,2687.0,1298.0,1442.0,2198.0,2198.0,1481.0,1475.0,874.0,757.0,2879.0,2865.0
Public Sector,USA,2024-07,FY24,99830.0,98143.0,57149.0,55687.0,15955.0,15789.0,3008.0,3451.0,1373.0,1202.0,2187.0,2157.0,1959.0,1939.0,829.0,748.0,2865.0,2878.0
Public Sector,USA,2024-08,FY24,95265.0,97324.0,52610.0,54802.0,15032.0,16055.0,2138.0,2026.0,1164.0,1322.0,2313.0,2132.0,1482.0,1452.0,650.0,856.0,1927.0,1900.0
Public Sector,USA,2024-09,FY24,108599.0,105254.0,61328.0,60440.0,18452.0,18026.0,2885.0,2988.0,1237.0,1337.0,2556.0,2625.0,1570.0,1598.0,818.0,827.0,2843.0,2855.0
Public Sector,USA,2024-10,FY24,93404.0,98420.0,53291.0,58135.0,15324.0,16292.0,2026.0,2003.0,936.0,963.0,2563.0,2516.0,1419.0,1431.0,1013.0,875.0,2224.0,2261.0
Public Sector,USA,2024-11,FY24,96544.0,99343.0,53964.0,57478.0,13999.0,14565.0,3098.0,3447.0,993.0,879.0,2545.0,2793.0,1285.0,1239.0,845.0,877.0,2211.0,2225.0
Public Sector,USA,2024-12,FY24,109966.0,105657.0,60564.0,58902.0,16229.0,16671.0,3470.0,2950.0,1555.0,1690.0,2188.0,2275.0,1356.0,1354.0,1100.0,1237.0,2460.0,2474.0
Public Sector,USA,2025-01,FY24,103030.0,99066.0,60232.0,56459.0,15499.0,16712.0,2426.0,2171.0,1517.0,1812.0,2797.0,2597.0,1412.0,1437.0,1063.0,1335.0,2476.0,2490.0
Public Sector,USA,2025-02,FY24,102509.0,101336.0,59322.0,56704.0,17329.0,17490.0,2500.0,2543.0,1371.0,1228.0,2294.0,2334.0,1923.0,2017.0,881.0,1006.0,2565.0,2562.0
Public Sector,USA,2025-03,FY24,104291.0,110672.0,57057.0,60948.0,15897.0,16544.0,2140.0,1892.0,1382.0,1401.0,2804.0,2642.0,1444.0,1504.0,815.0,1126.0,2223.0,2236.0
Public Sector,USA,2025-04,FY25,101784.0,101980.0,59026.0,61968.0,15956.0,17108.0,3285.0,3161.0,1029.0,843.0,1976.0,2095.0,1317.0,1371.0,984.0,1045.0,2522.0,2494.0
Public Sector,USA,2025-05,FY25,98534.0,102491.0,58759.0,59996.0,15595.0,15696.0,2289.0,2382.0,1243.0,1268.0,1803.0,1821.0,1561.0,1544.0,911.0,1103.0,2292.0,2305.0
Public Sector,USA,2025-06,FY25,101567.0,103730.0,55434.0,58814.0,14926.0,14848.0,2041.0,2243.0,1502.0,1417.0,2568.0,2463.0,1354.0,1399.0,1158.0,966.0,2784.0,2766.0
Public Sector,USA,2025-07,FY25,110862.0,105224.0,66055.0,60949.0,17906.0,18299.0,3752.0,3910.0,1378.0,1422.0,2170.0,2298.0,1806.0,1814.0,829.0,836.0,2573.0,2600.0
Public Sector,USA,2025-08,FY25,102100.0,106297.0,58714.0,60624.0,16381.0,16514.0,3134.0,2958.0,1107.0,1427.0,2172.0,2142.0,1294.0,1238.0,818.0,680.0,2912.0,2833.0
Public Sector,USA,2025-09,FY25,108610.0,114191.0,61570.0,64205.0,16742.0,17648.0,3213.0,3075.0,976.0,995.0,2529.0,2665.0,1940.0,1865.0,1166.0,1255.0,2559.0,2528.0
Public Sector,USA,2025-10,FY25,109417.0,108492.0,60394.0,59284.0,18277.0,18137.0,2735.0,2725.0,1285.0,1171.0,2106.0,2020.0,1386.0,1426.0,1108.0,1046.0,2893.0,2966.0
Public Sector,USA,2025-11,FY25,110488.0,111463.0,59912.0,60855.0,17241.0,17056.0,3724.0,3242.0,1498.0,1558.0,2514.0,2317.0,2057.0,2044.0,872.0,730.0,2410.0,2402.0
Public Sector,USA,2025-12,FY25,117238.0,119728.0,67957.0,72553.0,18977.0,19415.0,3762.0,3775.0,1021.0,1105.0,2236.0,2228.0,1856.0,1817.0,1315.0,1444.0,3207.0,3196.0
Public Sector,USA,2026-01,FY25,107306.0,111834.0,63154.0,66875.0,15233.0,15296.0,2484.0,2407.0,1300.0,1414.0,2885.0,2981.0,1657.0,1735.0,864.0,1007.0,2763.0,2811.0
Public Sector,USA,2026-02,FY25,108299.0,113585.0,61940.0,65839.0,16720.0,17280.0,3029.0,2787.0,1572.0,1815.0,2127.0,2226.0,1768.0,1752.0,989.0,1328.0,2350.0,2321.0
Public Sector,USA,2026-03,FY25,128269.0,121865.0,75241.0,70860.0,20848.0,22289.0,3854.0,4113.0,1549.0,1578.0,3028.0,3264.0,2385.0,2478.0,1023.0,1254.0,3012.0,3016.0
Public Sector,Rest of GCC,2023-04,FY23,50577.0,53455.0,27747.0,29436.0,7967.0,8369.0,1474.0,1650.0,704.0,858.0,1325.0,1290.0,826.0,838.0,579.0,620.0,1053.0,1022.0
Public Sector,Rest of GCC,2023-05,FY23,54220.0,53701.0,30252.0,31481.0,9096.0,9634.0,1727.0,1880.0,512.0,537.0,1450.0,1471.0,820.0,822.0,352.0,435.0,1430.0,1405.0
Public Sector,Rest of GCC,2023-06,FY23,55971.0,54328.0,33075.0,31328.0,7973.0,7949.0,1947.0,1942.0,659.0,618.0,1520.0,1556.0,1069.0,1018.0,603.0,720.0,1604.0,1637.0
Public Sector,Rest of GCC,2023-07,FY23,57404.0,55116.0,33869.0,32643.0,9030.0,9127.0,1275.0,1413.0,831.0,908.0,1160.0,1232.0,730.0,754.0,452.0,498.0,1579.0,1603.0
Public Sector,Rest of GCC,2023-08,FY23,57339.0,55675.0,33608.0,33381.0,8363.0,8732.0,1164.0,1249.0,508.0,468.0,1367.0,1260.0,1128.0,1132.0,637.0,886.0,1323.0,1335.0
Public Sector,Rest of GCC,2023-09,FY23,58112.0,60879.0,33903.0,34429.0,8239.0,8473.0,1883.0,2051.0,813.0,942.0,1071.0,1049.0,1106.0,1084.0,598.0,553.0,1203.0,1192.0
Public Sector,Rest of GCC,2023-10,FY23,58958.0,56995.0,33593.0,32415.0,8965.0,9598.0,1249.0,1320.0,682.0,750.0,1396.0,1337.0,822.0,832.0,603.0,709.0,1500.0,1543.0
Public Sector,Rest of GCC,2023-11,FY23,61161.0,58753.0,34606.0,33145.0,10316.0,10518.0,1449.0,1514.0,858.0,1038.0,1247.0,1257.0,825.0,812.0,689.0,593.0,1401.0,1392.0
Public Sector,Rest of GCC,2023-12,FY23,61608.0,65186.0,33764.0,36077.0,9069.0,9282.0,1654.0,1830.0,728.0,736.0,1581.0,1562.0,742.0,773.0,479.0,533.0,1465.0,1443.0
Public Sector,Rest of GCC,2024-01,FY23,60967.0,59505.0,34430.0,32518.0,8727.0,9424.0,1642.0,1863.0,759.0,685.0,1424.0,1520.0,1180.0,1169.0,463.0,641.0,1807.0,1757.0
Public Sector,Rest of GCC,2024-02,FY23,60942.0,60601.0,33404.0,34975.0,8547.0,8425.0,1602.0,1565.0,886.0,934.0,1159.0,1198.0,1061.0,1056.0,559.0,641.0,1580.0,1608.0
Public Sector,Rest of GCC,2024-03,FY23,68511.0,67897.0,39360.0,37802.0,10610.0,10595.0,2147.0,2416.0,961.0,1070.0,1707.0,1572.0,917.0,918.0,725.0,701.0,1791.0,1786.0
Public Sector,Rest of GCC,2024-04,FY24,61137.0,62487.0,36539.0,36445.0,9856.0,10461.0,1926.0,1948.0,871.0,756.0,1401.0,1403.0,1168.0,1112.0,722.0,927.0,1810.0,1863.0
Public Sector,Rest of GCC,2024-05,FY24,65916.0,63940.0,38913.0,39092.0,10762.0,11346.0,1353.0,1274.0,623.0,655.0,1531.0,1426.0,1051.0,1056.0,571.0,713.0,1952.0,1919.0
Public Sector,Rest of GCC,2024-06,FY24,63259.0,63991.0,37048.0,37635.0,10430.0,10225.0,1946.0,2007.0,782.0,670.0,1741.0,1662.0,1177.0,1221.0,747.0,681.0,1346.0,1316.0
Public Sector,Rest of GCC,2024-07,FY24,61559.0,64122.0,33388.0,34335.0,9828.0,9717.0,2034.0,2275.0,756.0,879.0,1327.0,1331.0,742.0,761.0,394.0,329.0,1656.0,1675.0
Public Sector,Rest of GCC,2024-08,FY24,63944.0,65742.0,36698.0,36939.0,9664.0,10204.0,2085.0,2175.0,538.0,560.0,1545.0,1449.0,1092.0,1053.0,672.0,757.0,1577.0,1585.0
Public Sector,Rest of GCC,2024-09,FY24,72882.0,73104.0,42612.0,44872.0,12096.0,12497.0,1681.0,1518.0,623.0,653.0,1529.0,1446.0,1043.0,1018.0,827.0,982.0,1614.0,1606.0
Public Sector,Rest of GCC,2024-10,FY24,69474.0,66840.0,37731.0,35607.0,10524.0,10708.0,2106.0,1926.0,787.0,688.0,1528.0,1597.0,928.0,968.0,480.0,394.0,1803.0,1833.0
Public Sector,Rest of GCC,2024-11,FY24,70057.0,66900.0,39571.0,36904.0,11009.0,10917.0,2408.0,2468.0,565.0,583.0,1685.0,1559.0,894.0,871.0,561.0,717.0,2078.0,2019.0
Public Sector,Rest of GCC,2024-12,FY24,74602.0,73584.0,40686.0,41428.0,10522.0,10729.0,1671.0,1475.0,879.0,871.0,1374.0,1390.0,1423.0,1445.0,669.0,610.0,1511.0,1540.0
Public Sector,Rest of GCC,2025-01,FY24,71284.0,67848.0,41802.0,40952.0,11674.0,12606.0,1544.0,1390.0,973.0,1248.0,1621.0,1493.0,1002.0,976.0,451.0,626.0,2014.0,2045.0
Public Sector,Rest of GCC,2025-02,FY24,70404.0,68064.0,41830.0,39704.0,10161.0,10580.0,1424.0,1357.0,669.0,732.0,1799.0,1701.0,1257.0,1312.0,731.0,841.0,1623.0,1654.0
Public Sector,Rest of GCC,2025-03,FY24,75641.0,75874.0,41664.0,42616.0,11062.0,10952.0,2241.0,2142.0,655.0,826.0,1717.0,1604.0,1189.0,1227.0,781.0,636.0,2247.0,2198.0
Public Sector,Rest of GCC,2025-04,FY25,74556.0,71740.0,41867.0,40788.0,10688.0,10411.0,1609.0,1645.0,654.0,836.0,1742.0,1892.0,949.0,978.0,689.0,718.0,2056.0,2030.0
Public Sector,Rest of GCC,2025-05,FY25,73194.0,72880.0,41341.0,41452.0,11187.0,11933.0,2541.0,2674.0,651.0,672.0,2049.0,2220.0,1171.0,1144.0,640.0,521.0,2012.0,2005.0
Public Sector,Rest of GCC,2025-06,FY25,78427.0,74186.0,46947.0,43331.0,11056.0,11079.0,2564.0,2280.0,867.0,713.0,1728.0,1819.0,1421.0,1483.0,832.0,1136.0,1727.0,1738.0
Public Sector,Rest of GCC,2025-07,FY25,72354.0,75736.0,39928.0,41514.0,10630.0,10943.0,2000.0,1862.0,1057.0,866.0,1416.0,1360.0,1427.0,1414.0,553.0,505.0,1964.0,1906.0
Public Sector,Rest of GCC,2025-08,FY25,72268.0,75281.0,42249.0,44355.0,12153.0,11987.0,1461.0,1637.0,579.0,523.0,1458.0,1357.0,878.0,880.0,541.0,527.0,1962.0,1951.0
Public Sector,Rest of GCC,2025-09,FY25,78237.0,82066.0,42271.0,44816.0,12295.0,12979.0,2737.0,2426.0,691.0,829.0,1426.0,1557.0,1471.0,1454.0,823.0,968.0,2207.0,2159.0
Public Sector,Rest of GCC,2025-10,FY25,80179.0,76212.0,46867.0,45242.0,12505.0,13194.0,2478.0,2656.0,988.0,982.0,1878.0,1976.0,1155.0,1211.0,939.0,1282.0,2298.0,2305.0
Public Sector,Rest of GCC,2025-11,FY25,74795.0,77032.0,41489.0,41384.0,12539.0,13288.0,2587.0,2599.0,957.0,885.0,1435.0,1345.0,1397.0,1460.0,486.0,417.0,2156.0,2133.0
Public Sector,Rest of GCC,2025-12,FY25,85976.0,85409.0,48333.0,47412.0,13330.0,14043.0,2961.0,2791.0,1273.0,1139.0,1771.0,1900.0,1040.0,1026.0,683.0,644.0,2074.0,2016.0
Public Sector,Rest of GCC,2026-01,FY25,82961.0,78769.0,47821.0,44816.0,13063.0,13683.0,2733.0,2677.0,750.0,620.0,1542.0,1457.0,1580.0,1615.0,901.0,1103.0,2106.0,2054.0
Public Sector,Rest of GCC,2026-02,FY25,83725.0,79702.0,48490.0,46612.0,13220.0,13939.0,2890.0,2586.0,1192.0,1037.0,1952.0,1972.0,1052.0,1027.0,665.0,586.0,1865.0,1911.0
Public Sector,Rest of GCC,2026-03,FY25,85026.0,88282.0,47504.0,51755.0,12471.0,13463.0,1723.0,1617.0,775.0,657.0,2187.0,2386.0,1396.0,1373.0,790.0,957.0,2498.0,2517.0
